DMV ID,DMV Snapshot (Date),Registration Valid Date,County GEOID,VIN Prefix,Registration Expiration Date,VIN Model Year,Make,Model,Model Year
1,DMV Direct (2/19/2020),2/1/2019,30063,WP0CA2A1,1/31/2020,F,Porsche,918 Spyder,2015
1,DMV Direct (2/19/2020),1/1/2019,30031,1G1RA6S5,12/31/2019,J,Chevrolet,Volt,2018
1,DMV Direct (2/19/2020),1/1/2019,30067,5YJSA1E2,12/31/2019,J,Tesla,Model S,2018
1,DMV Direct (2/19/2020),1/1/2019,30029,5YJSA1E2,12/31/2019,J,Tesla,Model S,2018
1,DMV Direct (2/19/2020),1/1/2019,30049,5YJSA1E4,12/31/2019,G,Tesla,Model S,2016
1,DMV Direct (2/19/2020),1/1/2019,30063,5YJSA1H1,12/31/2019,E,Tesla,Model S,2014
1,DMV Direct (2/19/2020),1/1/2019,30031,1G1RA6S5,12/31/2019,H,Chevrolet,Volt,2017
1,DMV Direct (2/19/2020),1/1/2019,30049,1G1RA6S5,12/31/2019,H,Chevrolet,Volt,2017
1,DMV Direct (2/19/2020),1/1/2019,30029,5YJSA1E2,12/31/2019,G,Tesla,Model S,2016
1,DMV Direct (2/19/2020),1/1/2019,30023,5YJSA1E1,12/31/2019,F,Tesla,Model S,2015
1,DMV Direct (2/19/2020),1/1/2019,30029,5YJSA1DP,12/31/2019,D,Tesla,Model S,2013
1,DMV Direct (2/19/2020),1/1/2019,30029,5YJSA1E2,12/31/2019,G,Tesla,Model S,2016
1,DMV Direct (2/19/2020),1/1/2019,30081,1G1RB6E4,12/31/2019,C,Chevrolet,Volt,2012
1,DMV Direct (2/19/2020),1/1/2019,30111,5YJSA1E2,12/31/2019,G,Tesla,Model S,2016
1,DMV Direct (2/19/2020),1/1/2019,30029,5YJSA1E2,12/31/2019,G,Tesla,Model S,2016
1,DMV Direct (2/19/2020),1/1/2019,30029,5YJXCAE4,12/31/2019,H,Tesla,Model X,2017
1,DMV Direct (2/19/2020),1/1/2019,30049,5YJXCAE4,12/31/2019,G,Tesla,Model X,2016
1,DMV Direct (2/19/2020),1/1/2019,30029,5YJXCAE4,12/31/2019,G,Tesla,Model X,2016
1,DMV Direct (2/19/2020),1/1/2019,30017,5YJXCBE2,12/31/2019,G,Tesla,Model X,2016
1,DMV Direct (2/19/2020),1/1/2019,30029,5YJXCBE2,12/31/2019,G,Tesla,Model X,2016
1,DMV Direct (2/19/2020),1/1/2019,30031,1G1FX6S0,12/31/2019,J,Chevrolet,Bolt EV,2018
1,DMV Direct (2/19/2020),1/1/2019,30003,1G1FY6S0,12/31/2019,K,Chevrolet,Bolt EV,2019
1,DMV Direct (2/19/2020),1/1/2019,30029,5YJXCAE2,12/31/2019,H,Tesla,Model X,2017
1,DMV Direct (2/19/2020),1/1/2019,30029,5YJSA1H4,12/31/2019,F,Tesla,Model S,2015
1,DMV Direct (2/19/2020),1/1/2019,30039,5YJSA1H2,12/31/2019,F,Tesla,Model S,2015
1,DMV Direct (2/19/2020),1/1/2019,30031,5YJXCAE2,12/31/2019,G,Tesla,Model X,2016
1,DMV Direct (2/19/2020),1/1/2019,30029,5YJXCAE4,12/31/2019,G,Tesla,Model X,2016
1,DMV Direct (2/19/2020),1/1/2019,30029,5YJXCAE2,12/31/2019,J,Tesla,Model X,2018
1,DMV Direct (2/19/2020),1/1/2019,30029,5YJXCAE2,12/31/2019,J,Tesla,Model X,2018
1,DMV Direct (2/19/2020),1/1/2019,30063,1N4AZ0CP,12/31/2019,D,Nissan,Leaf,2013
1,DMV Direct (2/19/2020),1/1/2019,30111,52CG4AGA,12/31/2019,F,GEM,NEV,2015
1,DMV Direct (2/19/2020),1/1/2019,30029,4S9BL6A3,12/31/2019,A,Smith,EV,2010
1,DMV Direct (2/19/2020),1/1/2019,30063,5UXKT0C5,12/31/2019,J,BMW,X5,2018
1,DMV Direct (2/19/2020),1/1/2019,30029,5YJ3E1EB,12/31/2019,J,Tesla,Model 3,2018
1,DMV Direct (2/19/2020),1/1/2019,30029,5YJ3E1EA,12/31/2019,J,Tesla,Model 3,2018
1,DMV Direct (2/19/2020),1/1/2019,30029,5YJ3E1EA,12/31/2019,J,Tesla,Model 3,2018
1,DMV Direct (2/19/2020),1/1/2019,30029,1N4AZ1CP,12/31/2019,K,Nissan,Leaf,2019
1,DMV Direct (2/19/2020),1/1/2019,30111,1N4BZ0CP,12/31/2019,G,Nissan,Leaf,2016
1,DMV Direct (2/19/2020),1/1/2019,30031,1N4BZ0CP,12/31/2019,H,Nissan,Leaf,2017
1,DMV Direct (2/19/2020),1/1/2019,30043,2C4RC1N7,12/31/2019,J,Chrysler,Pacifica,2018
1,DMV Direct (2/19/2020),1/1/2019,30025,3FA6P0SU,12/31/2019,H,Ford,Fusion Energi,2017
1,DMV Direct (2/19/2020),1/1/2019,30031,1N4AZ0CP,12/31/2019,F,Nissan,Leaf,2015
1,DMV Direct (2/19/2020),1/1/2019,30099,3FA6P0PU,12/31/2019,J,Ford,Fusion Energi,2018
1,DMV Direct (2/19/2020),1/1/2019,30029,1G1RD6E4,12/31/2019,C,Chevrolet,Volt,2012
1,DMV Direct (2/19/2020),1/1/2019,30031,5YJ3E1EB,12/31/2019,J,Tesla,Model 3,2018
1,DMV Direct (2/19/2020),1/1/2019,30031,5YJ3E1EB,12/31/2019,J,Tesla,Model 3,2018
1,DMV Direct (2/19/2020),1/1/2019,30063,5YJ3E1EB,12/31/2019,J,Tesla,Model 3,2018
1,DMV Direct (2/19/2020),1/1/2019,30093,1G1RB6E4,12/31/2019,F,Chevrolet,Volt,2015
1,DMV Direct (2/19/2020),1/1/2019,30029,5YJ3E1EB,12/31/2019,J,Tesla,Model 3,2018
1,DMV Direct (2/19/2020),1/1/2019,30029,5YJ3E1EB,12/31/2019,J,Tesla,Model 3,2018
1,DMV Direct (2/19/2020),1/1/2019,30029,5YJ3E1EB,12/31/2019,J,Tesla,Model 3,2018
1,DMV Direct (2/19/2020),1/1/2019,30111,5YJ3E1EB,12/31/2019,J,Tesla,Model 3,2018
1,DMV Direct (2/19/2020),1/1/2019,30049,5YJ3E1EB,12/31/2019,J,Tesla,Model 3,2018
1,DMV Direct (2/19/2020),1/1/2019,30049,5YJ3E1EB,12/31/2019,J,Tesla,Model 3,2018
1,DMV Direct (2/19/2020),1/1/2019,30029,5YJ3E1EB,12/31/2019,J,Tesla,Model 3,2018
1,DMV Direct (2/19/2020),1/1/2019,30029,1G1RD6E4,12/31/2019,E,Chevrolet,Volt,2014
1,DMV Direct (2/19/2020),1/1/2019,30013,1G1RD6S5,12/31/2019,G,Chevrolet,Volt,2016
1,DMV Direct (2/19/2020),1/1/2019,30013,JTDKARFP,12/31/2019,H,Toyota,Prius Prime,2017
1,DMV Direct (2/19/2020),1/1/2019,30063,JTDKARFP,12/31/2019,H,Toyota,Prius Prime,2017
1,DMV Direct (2/19/2020),1/1/2019,30091,1FADP5CU,12/31/2019,G,Ford,C-Max Energi,2016
1,DMV Direct (2/19/2020),1/1/2019,30081,1FADP5CU,12/31/2019,E,Ford,C-Max Energi,2014
1,DMV Direct (2/19/2020),1/1/2019,30029,1G1FX6S0,12/31/2019,H,Chevrolet,Bolt EV,2017
1,DMV Direct (2/19/2020),1/1/2019,30063,JN1AZ0CP,12/31/2019,C,Nissan,Leaf,2012
1,DMV Direct (2/19/2020),1/1/2019,30031,JTDKARFP,12/31/2019,H,Toyota,Prius Prime,2017
1,DMV Direct (2/19/2020),1/1/2019,30049,JTDKARFP,12/31/2019,H,Toyota,Prius Prime,2017
1,DMV Direct (2/19/2020),1/1/2019,30031,WAUTPBFF,12/31/2019,H,Audi,A3 Plug In,2017
1,DMV Direct (2/19/2020),1/1/2019,30031,WAUUPBFF,12/31/2019,G,Audi,A3 Plug In,2016
1,DMV Direct (2/19/2020),1/1/2019,30047,JTDKARFP,12/31/2019,J,Toyota,Prius Prime,2018
1,DMV Direct (2/19/2020),1/1/2019,30029,1FADP5CU,12/31/2019,F,Ford,C-Max Energi,2015
1,DMV Direct (2/19/2020),1/1/2019,30111,JTDKN3DP,12/31/2019,C,Toyota,Prius Plug-in,2012
1,DMV Direct (2/19/2020),1/1/2019,30063,1FADP5CU,12/31/2019,G,Ford,C-Max Energi,2016
1,DMV Direct (2/19/2020),1/1/2019,30029,WBA8E1C5,12/31/2019,H,BMW,3-Series Plug in,2017
1,DMV Direct (2/19/2020),1/1/2019,30031,5YJXCDE2,12/31/2019,G,Tesla,Model X,2016
1,DMV Direct (2/19/2020),1/1/2019,30029,5YJXCBE2,12/31/2019,J,Tesla,Model X,2018
1,DMV Direct (2/19/2020),1/1/2019,30029,SADHD2S1,12/31/2019,K,Jaguar,I-Pace,2019
1,DMV Direct (2/19/2020),1/1/2019,30031,5YJXCBE2,12/31/2019,J,Tesla,Model X,2018
1,DMV Direct (2/19/2020),1/1/2019,30029,WP0CA2A1,12/31/2019,F,Porsche,918 Spyder,2015
1,DMV Direct (2/19/2020),1/1/2019,30063,5YJXCBE2,12/31/2019,H,Tesla,Model X,2017
1,DMV Direct (2/19/2020),1/1/2019,30039,YH4K14AA,12/31/2019,C,Fisker,Karma,2012
1,DMV Direct (2/19/2020),1/1/2019,30029,WP0AH2A7,12/31/2019,J,Porsche,Panamera S E-Hybrid,2018
1,DMV Direct (2/19/2020),1/1/2019,30057,5YJXCDE2,12/31/2019,H,Tesla,Model X,2017
1,DMV Direct (2/19/2020),12/1/2018,30049,5YJ3E1EB,11/30/2019,J,Tesla,Model 3,2018
1,DMV Direct (2/19/2020),12/1/2018,30031,5YJ3E1EB,11/30/2019,J,Tesla,Model 3,2018
1,DMV Direct (2/19/2020),12/1/2018,30081,1G1RB6S5,11/30/2019,H,Chevrolet,Volt,2017
1,DMV Direct (2/19/2020),12/1/2018,30029,1FADP5CU,11/30/2019,G,Ford,C-Max Energi,2016
1,DMV Direct (2/19/2020),12/1/2018,30031,1G1RD6E4,11/30/2019,D,Chevrolet,Volt,2013
1,DMV Direct (2/19/2020),12/1/2018,30081,5YJ3E1EB,11/30/2019,J,Tesla,Model 3,2018
1,DMV Direct (2/19/2020),12/1/2018,30031,5YJ3E1EB,11/30/2019,J,Tesla,Model 3,2018
1,DMV Direct (2/19/2020),12/1/2018,30029,5YJ3E1EB,11/30/2019,J,Tesla,Model 3,2018
1,DMV Direct (2/19/2020),12/1/2018,30039,5YJ3E1EB,11/30/2019,J,Tesla,Model 3,2018
1,DMV Direct (2/19/2020),12/1/2018,30031,5YJ3E1EB,11/30/2019,J,Tesla,Model 3,2018
1,DMV Direct (2/19/2020),12/1/2018,30093,1G1RB6S5,11/30/2019,J,Chevrolet,Volt,2018
1,DMV Direct (2/19/2020),12/1/2018,30031,5YJ3E1EB,11/30/2019,J,Tesla,Model 3,2018
1,DMV Direct (2/19/2020),12/1/2018,30039,5YJ3E1EB,11/30/2019,J,Tesla,Model 3,2018
1,DMV Direct (2/19/2020),12/1/2018,30029,5YJXCBE2,11/30/2019,H,Tesla,Model X,2017
1,DMV Direct (2/19/2020),12/1/2018,30049,1G1RC6S5,11/30/2019,G,Chevrolet,Volt,2016
1,DMV Direct (2/19/2020),12/1/2018,30047,1G1RC6S5,11/30/2019,H,Chevrolet,Volt,2017
1,DMV Direct (2/19/2020),12/1/2018,30031,5YJ3E1EB,11/30/2019,J,Tesla,Model 3,2018
1,DMV Direct (2/19/2020),12/1/2018,30031,5YJ3E1EB,11/30/2019,J,Tesla,Model 3,2018
1,DMV Direct (2/19/2020),12/1/2018,30049,5YJ3E1EB,11/30/2019,J,Tesla,Model 3,2018
1,DMV Direct (2/19/2020),12/1/2018,30029,5YJ3E1EB,11/30/2019,J,Tesla,Model 3,2018
1,DMV Direct (2/19/2020),12/1/2018,30063,1G1RD6E4,11/30/2019,C,Chevrolet,Volt,2012
1,DMV Direct (2/19/2020),12/1/2018,30031,5YJ3E1EB,11/30/2019,J,Tesla,Model 3,2018
1,DMV Direct (2/19/2020),12/1/2018,30057,WBY2Z2C5,11/30/2019,F,BMW,i8,2015
1,DMV Direct (2/19/2020),12/1/2018,30063,3FA6P0SU,11/30/2019,H,Ford,Fusion Energi,2017
1,DMV Direct (2/19/2020),12/1/2018,30029,3FA6P0SU,11/30/2019,F,Ford,Fusion Energi,2015
1,DMV Direct (2/19/2020),12/1/2018,30063,1N4AZ0CP,11/30/2019,D,Nissan,Leaf,2013
1,DMV Direct (2/19/2020),12/1/2018,30013,5UXKT0C5,11/30/2019,G,BMW,X5,2016
1,DMV Direct (2/19/2020),12/1/2018,30043,5UXKT0C3,11/30/2019,H,BMW,X5,2017
1,DMV Direct (2/19/2020),12/1/2018,30111,3FA6P0SU,11/30/2019,F,Ford,Fusion Energi,2015
1,DMV Direct (2/19/2020),12/1/2018,30031,2C4RC1N7,11/30/2019,J,Chrysler,Pacifica,2018
1,DMV Direct (2/19/2020),12/1/2018,30029,1N4AZ1CP,11/30/2019,J,Nissan,Leaf,2018
1,DMV Direct (2/19/2020),12/1/2018,30063,1N4BZ0CP,11/30/2019,H,Nissan,Leaf,2017
1,DMV Direct (2/19/2020),12/1/2018,30031,1N4AZ0CP,11/30/2019,F,Nissan,Leaf,2015
1,DMV Direct (2/19/2020),12/1/2018,30111,3FA6P0SU,11/30/2019,E,Ford,Fusion Energi,2014
1,DMV Direct (2/19/2020),12/1/2018,30111,2C4RC1N7,11/30/2019,J,Chrysler,Pacifica,2018
1,DMV Direct (2/19/2020),12/1/2018,30111,5YJ3E1EA,11/30/2019,J,Tesla,Model 3,2018
1,DMV Direct (2/19/2020),12/1/2018,30031,WBY1Z2C5,11/30/2019,E,BMW,i3,2014
1,DMV Direct (2/19/2020),12/1/2018,30043,WBY1Z4C5,11/30/2019,G,BMW,i3 REx,2016
1,DMV Direct (2/19/2020),12/1/2018,30063,WBY2Z2C5,11/30/2019,E,BMW,i8,2014
1,DMV Direct (2/19/2020),12/1/2018,30013,1G1RD6E4,11/30/2019,E,Chevrolet,Volt,2014
1,DMV Direct (2/19/2020),12/1/2018,30067,1G1RD6S5,11/30/2019,G,Chevrolet,Volt,2016
1,DMV Direct (2/19/2020),12/1/2018,30049,1G1RD6S5,11/30/2019,J,Chevrolet,Volt,2018
1,DMV Direct (2/19/2020),12/1/2018,30039,5YJ3E1EA,11/30/2019,J,Tesla,Model 3,2018
1,DMV Direct (2/19/2020),12/1/2018,30013,1G6RR1E4,11/30/2019,E,Cadillac,ELR,2014
1,DMV Direct (2/19/2020),12/1/2018,30031,1N4AZ0CP,11/30/2019,D,Nissan,Leaf,2013
1,DMV Direct (2/19/2020),12/1/2018,30063,5YJ3E1EA,11/30/2019,J,Tesla,Model 3,2018
1,DMV Direct (2/19/2020),12/1/2018,30111,1G1RH6E4,11/30/2019,D,Chevrolet,Volt,2013
1,DMV Direct (2/19/2020),12/1/2018,30039,WBY2Z2C5,11/30/2019,E,BMW,i8,2014
1,DMV Direct (2/19/2020),12/1/2018,30049,5YJ3E1EA,11/30/2019,J,Tesla,Model 3,2018
1,DMV Direct (2/19/2020),12/1/2018,30013,1G1RB6E4,11/30/2019,C,Chevrolet,Volt,2012
1,DMV Direct (2/19/2020),12/1/2018,30031,5YJXCBE4,11/30/2019,H,Tesla,Model X,2017
1,DMV Direct (2/19/2020),12/1/2018,30063,1G1RA6E4,11/30/2019,D,Chevrolet,Volt,2013
1,DMV Direct (2/19/2020),12/1/2018,30039,5YJSA1E2,11/30/2019,J,Tesla,Model S,2018
1,DMV Direct (2/19/2020),12/1/2018,30081,JTDKARFP,11/30/2019,J,Toyota,Prius Prime,2018
1,DMV Direct (2/19/2020),12/1/2018,30031,5YJSA1E2,11/30/2019,H,Tesla,Model S,2017
1,DMV Direct (2/19/2020),12/1/2018,30029,5YJXCAE4,11/30/2019,J,Tesla,Model X,2018
1,DMV Direct (2/19/2020),12/1/2018,30045,KMHE34L3,11/30/2019,J,Hyundai,Sonata Plug In,2018
1,DMV Direct (2/19/2020),12/1/2018,30063,5YJSA1E1,11/30/2019,F,Tesla,Model S,2015
1,DMV Direct (2/19/2020),12/1/2018,30111,JTDKARFP,11/30/2019,J,Toyota,Prius Prime,2018
1,DMV Direct (2/19/2020),12/1/2018,30029,5YJXCBE4,11/30/2019,G,Tesla,Model X,2016
1,DMV Direct (2/19/2020),12/1/2018,30061,KMHC65LD,11/30/2019,K,Hyundai,Ioniq Plug In,2019
1,DMV Direct (2/19/2020),12/1/2018,30029,5YJSA1E4,11/30/2019,H,Tesla,Model S,2017
1,DMV Direct (2/19/2020),12/1/2018,30057,5YJSA1E4,11/30/2019,G,Tesla,Model S,2016
1,DMV Direct (2/19/2020),12/1/2018,30081,5YJSA1E4,11/30/2019,G,Tesla,Model S,2016
1,DMV Direct (2/19/2020),12/1/2018,30063,5YJSA1H1,11/30/2019,E,Tesla,Model S,2014
1,DMV Direct (2/19/2020),12/1/2018,30063,5YJSA1H1,11/30/2019,E,Tesla,Model S,2014
1,DMV Direct (2/19/2020),12/1/2018,30039,1G1RA6S5,11/30/2019,H,Chevrolet,Volt,2017
1,DMV Direct (2/19/2020),12/1/2018,30093,1G1FW6S0,11/30/2019,H,Chevrolet,Bolt EV,2017
1,DMV Direct (2/19/2020),12/1/2018,30099,1G1RB6E4,11/30/2019,C,Chevrolet,Volt,2012
1,DMV Direct (2/19/2020),12/1/2018,30031,1G1RA6E4,11/30/2019,F,Chevrolet,Volt,2015
1,DMV Direct (2/19/2020),12/1/2018,30063,1G1RA6S5,11/30/2019,J,Chevrolet,Volt,2018
1,DMV Direct (2/19/2020),12/1/2018,30037,JTDKARFP,11/30/2019,H,Toyota,Prius Prime,2017
1,DMV Direct (2/19/2020),12/1/2018,30063,5YJSA1H4,11/30/2019,F,Tesla,Model S,2015
1,DMV Direct (2/19/2020),12/1/2018,30049,1G1RB6E4,11/30/2019,D,Chevrolet,Volt,2013
1,DMV Direct (2/19/2020),12/1/2018,30029,5YJSA1CN,11/30/2019,D,Tesla,Model S,2013
1,DMV Direct (2/19/2020),12/1/2018,30029,5YJSA1DP,11/30/2019,C,Tesla,Model S,2012
1,DMV Direct (2/19/2020),12/1/2018,30029,5YJSA1CN,11/30/2019,D,Tesla,Model S,2013
1,DMV Direct (2/19/2020),12/1/2018,30029,5YJSA1CN,11/30/2019,D,Tesla,Model S,2013
1,DMV Direct (2/19/2020),12/1/2018,30029,5YJSA1DN,11/30/2019,D,Tesla,Model S,2013
1,DMV Direct (2/19/2020),12/1/2018,30039,1G1RB6E4,11/30/2019,E,Chevrolet,Volt,2014
1,DMV Direct (2/19/2020),12/1/2018,30031,1G1RB6E4,11/30/2019,E,Chevrolet,Volt,2014
1,DMV Direct (2/19/2020),12/1/2018,30029,5YJSA1CP,11/30/2019,D,Tesla,Model S,2013
1,DMV Direct (2/19/2020),12/1/2018,30063,KNAGU4LC,11/30/2019,H,Kia,Optima Plug In,2017
1,DMV Direct (2/19/2020),12/1/2018,30063,5YJSA1E2,11/30/2019,J,Tesla,Model S,2018
1,DMV Direct (2/19/2020),12/1/2018,30029,1G1FY6S0,11/30/2019,K,Chevrolet,Bolt EV,2019
1,DMV Direct (2/19/2020),12/1/2018,30031,5YJXCBE2,11/30/2019,G,Tesla,Model X,2016
1,DMV Direct (2/19/2020),11/1/2018,30039,SBM12ABA,10/31/2019,F,Mclaren,P1,2015
1,DMV Direct (2/19/2020),11/1/2018,30031,JN1AZ0CP,10/31/2019,B,Nissan,Leaf,2011
1,DMV Direct (2/19/2020),11/1/2018,30081,5YJXCBE2,10/31/2019,J,Tesla,Model X,2018
1,DMV Direct (2/19/2020),11/1/2018,30049,5YJSA1E4,10/31/2019,J,Tesla,Model S,2018
1,DMV Direct (2/19/2020),11/1/2018,30063,2C4RC1L7,10/31/2019,J,Chrysler,Pacifica,2018
1,DMV Direct (2/19/2020),11/1/2018,30063,5YJSA1H1,10/31/2019,E,Tesla,Model S,2014
1,DMV Direct (2/19/2020),11/1/2018,30111,5UXKT0C5,10/31/2019,G,BMW,X5,2016
1,DMV Direct (2/19/2020),11/1/2018,30067,2C4RC1N7,10/31/2019,H,Chrysler,Pacifica,2017
1,DMV Direct (2/19/2020),11/1/2018,30111,WP1AE2A2,10/31/2019,G,Porsche,Cayenne S E-Hybrid,2016
1,DMV Direct (2/19/2020),11/1/2018,30081,5ASAG274,10/31/2019,8,GEM,NEV,2008
1,DMV Direct (2/19/2020),11/1/2018,30039,5YJXCBE4,10/31/2019,J,Tesla,Model X,2018
1,DMV Direct (2/19/2020),11/1/2018,30111,5YJXCAE4,10/31/2019,G,Tesla,Model X,2016
1,DMV Direct (2/19/2020),11/1/2018,30111,2C4RC1N7,4/30/2020,J,Chrysler,Pacifica,2018
1,DMV Direct (2/19/2020),11/1/2018,30029,WP0CA2A1,10/31/2019,F,Porsche,918 Spyder,2015
1,DMV Direct (2/19/2020),11/1/2018,30031,3FA6P0PU,10/31/2019,G,Ford,Fusion Energi,2016
1,DMV Direct (2/19/2020),11/1/2018,30063,2C4RC1N7,10/31/2019,J,Chrysler,Pacifica,2018
1,DMV Direct (2/19/2020),11/1/2018,30049,WP0CA2A1,10/31/2019,F,Porsche,918 Spyder,2015
1,DMV Direct (2/19/2020),11/1/2018,30049,WBY2Z2C5,12/31/2019,H,BMW,i8,2017
1,DMV Direct (2/19/2020),11/1/2018,30029,WP0CE2A7,10/31/2019,J,Porsche,Panamera S E-Hybrid,2018
1,DMV Direct (2/19/2020),11/1/2018,30063,WBY2Z2C5,10/31/2019,F,BMW,i8,2015
1,DMV Direct (2/19/2020),11/1/2018,30063,3FA6P0SU,10/31/2019,J,Ford,Fusion Energi,2018
1,DMV Direct (2/19/2020),11/1/2018,30071,5YJXCBE2,10/31/2019,G,Tesla,Model X,2016
1,DMV Direct (2/19/2020),11/1/2018,30095,5YJXCAE2,10/31/2019,G,Tesla,Model X,2016
1,DMV Direct (2/19/2020),11/1/2018,30063,2C4RC1N7,10/31/2019,H,Chrysler,Pacifica,2017
1,DMV Direct (2/19/2020),11/1/2018,30029,5YJ3E1EB,10/31/2019,J,Tesla,Model 3,2018
1,DMV Direct (2/19/2020),11/1/2018,30039,5YJSA1DP,10/31/2019,D,Tesla,Model S,2013
1,DMV Direct (2/19/2020),11/1/2018,30031,5YJ3E1EB,10/31/2019,J,Tesla,Model 3,2018
1,DMV Direct (2/19/2020),11/1/2018,30029,5YJ3E1EB,10/31/2019,J,Tesla,Model 3,2018
1,DMV Direct (2/19/2020),11/1/2018,30029,5YJ3E1EB,10/31/2019,J,Tesla,Model 3,2018
1,DMV Direct (2/19/2020),11/1/2018,30063,5YJ3E1EB,10/31/2019,J,Tesla,Model 3,2018
1,DMV Direct (2/19/2020),11/1/2018,30063,5YJ3E1EB,10/31/2019,J,Tesla,Model 3,2018
1,DMV Direct (2/19/2020),11/1/2018,30049,KMHC75LD,10/31/2019,J,Hyundai,Ioniq Plug In,2018
1,DMV Direct (2/19/2020),11/1/2018,30111,YV4BR0DM,10/31/2019,J,Volvo,XC60 Plug In,2018
1,DMV Direct (2/19/2020),11/1/2018,30049,LECPT22B,10/31/2019,9,Miles,ZX40ST,2009
1,DMV Direct (2/19/2020),11/1/2018,30029,5YJ3E1EB,10/31/2019,J,Tesla,Model 3,2018
1,DMV Direct (2/19/2020),11/1/2018,30091,5YJ3E1EB,10/31/2019,J,Tesla,Model 3,2018
1,DMV Direct (2/19/2020),11/1/2018,30029,5YJRE11B,10/31/2019,8,Tesla,Roadster,2008
1,DMV Direct (2/19/2020),11/1/2018,30071,5YJ3E1EB,10/31/2019,J,Tesla,Model 3,2018
1,DMV Direct (2/19/2020),11/1/2018,30039,SBM12ABA,10/31/2019,F,Mclaren,P1,2015
1,DMV Direct (2/19/2020),11/1/2018,30063,5YJ3E1EB,10/31/2019,J,Tesla,Model 3,2018
1,DMV Direct (2/19/2020),11/1/2018,30031,5YJ3E1EB,10/31/2019,J,Tesla,Model 3,2018
1,DMV Direct (2/19/2020),11/1/2018,30049,5YJSA1E2,10/31/2019,G,Tesla,Model S,2016
1,DMV Direct (2/19/2020),11/1/2018,30029,5YJ3E1EB,10/31/2019,J,Tesla,Model 3,2018
1,DMV Direct (2/19/2020),11/1/2018,30031,5YJ3E1EB,10/31/2019,J,Tesla,Model 3,2018
1,DMV Direct (2/19/2020),11/1/2018,30063,5YJ3E1EB,10/31/2019,J,Tesla,Model 3,2018
1,DMV Direct (2/19/2020),11/1/2018,30031,5YJ3E1EB,10/31/2019,J,Tesla,Model 3,2018
1,DMV Direct (2/19/2020),11/1/2018,30029,5YJSA1E4,10/31/2019,J,Tesla,Model S,2018
1,DMV Direct (2/19/2020),11/1/2018,30111,5YJ3E1EA,10/31/2019,J,Tesla,Model 3,2018
1,DMV Direct (2/19/2020),11/1/2018,30031,JTDKARFP,10/31/2019,J,Toyota,Prius Prime,2018
1,DMV Direct (2/19/2020),11/1/2018,30029,5YJ3E1EA,10/31/2019,J,Tesla,Model 3,2018
1,DMV Direct (2/19/2020),11/1/2018,30029,WAUUPBFF,10/31/2019,J,Audi,A3 Plug In,2018
1,DMV Direct (2/19/2020),11/1/2018,30063,WAUTPBFF,10/31/2019,G,Audi,A3 Plug In,2016
1,DMV Direct (2/19/2020),11/1/2018,30029,5YJSA1E2,10/31/2019,H,Tesla,Model S,2017
1,DMV Direct (2/19/2020),11/1/2018,30029,5YJ3E1EB,10/31/2019,J,Tesla,Model 3,2018
1,DMV Direct (2/19/2020),11/1/2018,30057,5YJSA1E2,10/31/2019,H,Tesla,Model S,2017
1,DMV Direct (2/19/2020),11/1/2018,30031,JTDKARFP,12/31/9999,J,Toyota,Prius Prime,2018
1,DMV Direct (2/19/2020),11/1/2018,30029,5YJ3E1EB,10/31/2019,J,Tesla,Model 3,2018
1,DMV Direct (2/19/2020),11/1/2018,30029,5YJSA1E2,10/31/2019,H,Tesla,Model S,2017
1,DMV Direct (2/19/2020),11/1/2018,30063,5YJ3E1EB,10/31/2019,J,Tesla,Model 3,2018
1,DMV Direct (2/19/2020),11/1/2018,30111,1G1RD6E4,10/31/2019,C,Chevrolet,Volt,2012
1,DMV Direct (2/19/2020),11/1/2018,30049,1G1RA6S5,10/31/2019,H,Chevrolet,Volt,2017
1,DMV Direct (2/19/2020),11/1/2018,30031,1G1RE6E4,10/31/2019,D,Chevrolet,Volt,2013
1,DMV Direct (2/19/2020),11/1/2018,30063,1G1FX6S0,10/31/2019,H,Chevrolet,Bolt EV,2017
1,DMV Direct (2/19/2020),11/1/2018,30063,1G1RA6E4,10/31/2019,D,Chevrolet,Volt,2013
1,DMV Direct (2/19/2020),11/1/2018,30029,1G1RC6E4,10/31/2019,F,Chevrolet,Volt,2015
1,DMV Direct (2/19/2020),11/1/2018,30027,1G1RA6S5,10/31/2019,H,Chevrolet,Volt,2017
1,DMV Direct (2/19/2020),11/1/2018,30031,1FADP5EU,10/31/2019,H,Ford,C-Max Energi,2017
1,DMV Direct (2/19/2020),11/1/2018,30031,1G1RF6E4,10/31/2019,E,Chevrolet,Volt,2014
1,DMV Direct (2/19/2020),11/1/2018,30047,1G1FY6S0,10/31/2019,K,Chevrolet,Bolt EV,2019
1,DMV Direct (2/19/2020),11/1/2018,30029,1G1RB6E4,10/31/2019,F,Chevrolet,Volt,2015
1,DMV Direct (2/19/2020),11/1/2018,30031,5YJSA1DP,10/31/2019,D,Tesla,Model S,2013
1,DMV Direct (2/19/2020),11/1/2018,30029,1G1FX6S0,10/31/2019,J,Chevrolet,Bolt EV,2018
1,DMV Direct (2/19/2020),11/1/2018,30029,1G1RB6E4,10/31/2019,D,Chevrolet,Volt,2013
1,DMV Direct (2/19/2020),10/1/2018,30029,5YJ3E1EB,9/30/2019,J,Tesla,Model 3,2018
1,DMV Direct (2/19/2020),10/1/2018,30013,5YJXCBE2,9/30/2019,J,Tesla,Model X,2018
1,DMV Direct (2/19/2020),10/1/2018,30031,5YJ3E1EB,9/30/2019,J,Tesla,Model 3,2018
1,DMV Direct (2/19/2020),10/1/2018,30031,5YJ3E1EB,9/30/2019,J,Tesla,Model 3,2018
1,DMV Direct (2/19/2020),10/1/2018,30029,5YJXCBE2,9/30/2019,J,Tesla,Model X,2018
1,DMV Direct (2/19/2020),10/1/2018,30027,1G1RD6E4,9/30/2019,D,Chevrolet,Volt,2013
1,DMV Direct (2/19/2020),10/1/2018,30047,5YJXCBE2,9/30/2019,G,Tesla,Model X,2016
1,DMV Direct (2/19/2020),10/1/2018,30063,1G1RE6E4,9/30/2019,D,Chevrolet,Volt,2013
1,DMV Direct (2/19/2020),10/1/2018,30023,SBM12ABA,9/30/2019,E,Mclaren,P1,2014
1,DMV Direct (2/19/2020),10/1/2018,30031,5YJ3E1EB,9/30/2019,J,Tesla,Model 3,2018
1,DMV Direct (2/19/2020),10/1/2018,30053,1FADP5CU,9/30/2019,E,Ford,C-Max Energi,2014
1,DMV Direct (2/19/2020),10/1/2018,30063,5YJRE1A3,9/30/2019,A,Tesla,Roadster,2010
1,DMV Direct (2/19/2020),10/1/2018,30111,JTDKARFP,9/30/2019,H,Toyota,Prius Prime,2017
1,DMV Direct (2/19/2020),10/1/2018,30111,5YJXCDE2,9/30/2019,H,Tesla,Model X,2017
1,DMV Direct (2/19/2020),10/1/2018,30047,WAUUPBFF,9/30/2019,G,Audi,A3 Plug In,2016
1,DMV Direct (2/19/2020),10/1/2018,30063,5YJXCBE2,9/30/2019,G,Tesla,Model X,2016
1,DMV Direct (2/19/2020),10/1/2018,30039,SBM12ABA,9/30/2019,F,Mclaren,P1,2015
1,DMV Direct (2/19/2020),10/1/2018,30063,1G1RD6E4,9/30/2019,D,Chevrolet,Volt,2013
1,DMV Direct (2/19/2020),10/1/2018,30049,5YJ3E1EB,9/30/2019,J,Tesla,Model 3,2018
1,DMV Direct (2/19/2020),10/1/2018,30029,JTDKARFP,9/30/2019,H,Toyota,Prius Prime,2017
1,DMV Direct (2/19/2020),10/1/2018,30031,1G1FX6S0,9/30/2019,H,Chevrolet,Bolt EV,2017
1,DMV Direct (2/19/2020),10/1/2018,30041,LECPT22B,9/30/2019,8,Miles,ZX40ST,2008
1,DMV Direct (2/19/2020),10/1/2018,30063,5YJ3E1EB,9/30/2019,J,Tesla,Model 3,2018
1,DMV Direct (2/19/2020),10/1/2018,30063,5YJ3E1EB,9/30/2019,J,Tesla,Model 3,2018
1,DMV Direct (2/19/2020),10/1/2018,30031,5YJ3E1EB,9/30/2019,J,Tesla,Model 3,2018
1,DMV Direct (2/19/2020),10/1/2018,30049,JTDKARFP,9/30/2019,J,Toyota,Prius Prime,2018
1,DMV Direct (2/19/2020),10/1/2018,30029,JTDKARFP,9/30/2019,J,Toyota,Prius Prime,2018
1,DMV Direct (2/19/2020),10/1/2018,30111,5YJ3E1EB,9/30/2019,J,Tesla,Model 3,2018
1,DMV Direct (2/19/2020),10/1/2018,30047,5YJ3E1EB,9/30/2019,J,Tesla,Model 3,2018
1,DMV Direct (2/19/2020),10/1/2018,30063,JTDKARFP,9/30/2019,H,Toyota,Prius Prime,2017
1,DMV Direct (2/19/2020),10/1/2018,30029,5UXKT0C3,9/30/2019,H,BMW,X5,2017
1,DMV Direct (2/19/2020),10/1/2018,30039,5YJXCBE4,9/30/2019,J,Tesla,Model X,2018
1,DMV Direct (2/19/2020),10/1/2018,30029,5UXKT0C5,9/30/2019,J,BMW,X5,2018
1,DMV Direct (2/19/2020),10/1/2018,30049,5YJ3E1EB,9/30/2019,J,Tesla,Model 3,2018
1,DMV Direct (2/19/2020),10/1/2018,30029,5UXKT0C3,9/30/2019,H,BMW,X5,2017
1,DMV Direct (2/19/2020),10/1/2018,30063,5YJXCBE4,9/30/2019,J,Tesla,Model X,2018
1,DMV Direct (2/19/2020),10/1/2018,30029,5YJ3E1EB,9/30/2019,J,Tesla,Model 3,2018
1,DMV Direct (2/19/2020),10/1/2018,30029,5YJ3E1EB,9/30/2019,J,Tesla,Model 3,2018
1,DMV Direct (2/19/2020),10/1/2018,30049,5YJ3E1EB,9/30/2019,J,Tesla,Model 3,2018
1,DMV Direct (2/19/2020),10/1/2018,30029,5YJXCBE4,9/30/2019,G,Tesla,Model X,2016
1,DMV Direct (2/19/2020),10/1/2018,30043,5YJ3E1EB,9/30/2019,J,Tesla,Model 3,2018
1,DMV Direct (2/19/2020),10/1/2018,30111,5YJXCBE2,9/30/2019,J,Tesla,Model X,2018
1,DMV Direct (2/19/2020),10/1/2018,30063,5YJ3E1EB,9/30/2019,J,Tesla,Model 3,2018
1,DMV Direct (2/19/2020),10/1/2018,30031,5YJ3E1EB,9/30/2019,J,Tesla,Model 3,2018
1,DMV Direct (2/19/2020),10/1/2018,30057,5YJXCBE4,9/30/2019,G,Tesla,Model X,2016
1,DMV Direct (2/19/2020),10/1/2018,30049,5YJ3E1EB,9/30/2019,J,Tesla,Model 3,2018
1,DMV Direct (2/19/2020),10/1/2018,30063,JTDKARFP,9/30/2019,J,Toyota,Prius Prime,2018
1,DMV Direct (2/19/2020),10/1/2018,30061,1G1FW6S0,9/30/2019,H,Chevrolet,Bolt EV,2017
1,DMV Direct (2/19/2020),10/1/2018,30031,5YJ3E1EB,9/30/2019,J,Tesla,Model 3,2018
1,DMV Direct (2/19/2020),10/1/2018,30063,1G1RD6E4,9/30/2019,C,Chevrolet,Volt,2012
1,DMV Direct (2/19/2020),10/1/2018,30023,5YJ3E1EB,9/30/2019,J,Tesla,Model 3,2018
1,DMV Direct (2/19/2020),10/1/2018,30031,5UXKT0C5,9/30/2019,G,BMW,X5,2016
1,DMV Direct (2/19/2020),10/1/2018,30031,5YJ3E1EB,9/30/2019,J,Tesla,Model 3,2018
1,DMV Direct (2/19/2020),10/1/2018,30029,5YJSA1E4,9/30/2019,J,Tesla,Model S,2018
1,DMV Direct (2/19/2020),10/1/2018,30029,WP0CA2A1,9/30/2019,F,Porsche,918 Spyder,2015
1,DMV Direct (2/19/2020),10/1/2018,30063,5YJSA1E4,9/30/2019,J,Tesla,Model S,2018
1,DMV Direct (2/19/2020),10/1/2018,30039,YH4K12AA,9/30/2019,C,Fisker,Karma,2012
1,DMV Direct (2/19/2020),10/1/2018,30029,1G6RM1E4,9/30/2019,E,Cadillac,ELR,2014
1,DMV Direct (2/19/2020),10/1/2018,30029,5YJ3E1EA,9/30/2019,J,Tesla,Model 3,2018
1,DMV Direct (2/19/2020),10/1/2018,30029,5YJSA1H1,9/30/2019,E,Tesla,Model S,2014
1,DMV Direct (2/19/2020),10/1/2018,30029,5YJ3E1EB,9/30/2019,J,Tesla,Model 3,2018
1,DMV Direct (2/19/2020),10/1/2018,30007,WP0CA2A1,9/30/2019,F,Porsche,918 Spyder,2015
1,DMV Direct (2/19/2020),10/1/2018,30029,5YJSA1H1,9/30/2019,E,Tesla,Model S,2014
1,DMV Direct (2/19/2020),10/1/2018,30029,1G1RA6S5,9/30/2019,H,Chevrolet,Volt,2017
1,DMV Direct (2/19/2020),10/1/2018,30031,5YJSA1E2,9/30/2019,H,Tesla,Model S,2017
1,DMV Direct (2/19/2020),10/1/2018,30063,5YJSA1E2,9/30/2019,H,Tesla,Model S,2017
1,DMV Direct (2/19/2020),10/1/2018,30029,5YJSA1E2,9/30/2019,J,Tesla,Model S,2018
1,DMV Direct (2/19/2020),10/1/2018,30067,2C4RC1L7,9/30/2019,J,Chrysler,Pacifica,2018
1,DMV Direct (2/19/2020),10/1/2018,30051,2C4RC1L7,9/30/2019,J,Chrysler,Pacifica,2018
1,DMV Direct (2/19/2020),10/1/2018,30013,YV4BC0ZX,9/30/2019,H,Volvo,XC90 Plug In,2017
1,DMV Direct (2/19/2020),10/1/2018,30063,1G1RA6S5,9/30/2019,J,Chevrolet,Volt,2018
1,DMV Direct (2/19/2020),10/1/2018,30049,YV4BR0DL,9/30/2019,J,Volvo,XC60 Plug In,2018
1,DMV Direct (2/19/2020),10/1/2018,30081,5YJSA1E2,9/30/2019,F,Tesla,Model S,2015
1,DMV Direct (2/19/2020),10/1/2018,30063,5YJXCDE2,9/30/2019,J,Tesla,Model X,2018
1,DMV Direct (2/19/2020),10/1/2018,30029,1N4AZ1CP,9/30/2019,J,Nissan,Leaf,2018
1,DMV Direct (2/19/2020),10/1/2018,30029,YH4K14AA,9/30/2019,C,Fisker,Karma,2012
1,DMV Direct (2/19/2020),10/1/2018,30067,5YJSA1E2,9/30/2019,J,Tesla,Model S,2018
1,DMV Direct (2/19/2020),10/1/2018,30039,YV4BC0PK,9/30/2019,G,Volvo,XC90 Plug In,2016
1,DMV Direct (2/19/2020),10/1/2018,30063,5YJSA1E4,9/30/2019,G,Tesla,Model S,2016
1,DMV Direct (2/19/2020),10/1/2018,30029,YH4K16AA,9/30/2019,C,Fisker,Karma,2012
1,DMV Direct (2/19/2020),10/1/2018,30039,WP0CA2A1,9/30/2019,F,Porsche,918 Spyder,2015
1,DMV Direct (2/19/2020),10/1/2018,30039,5YJSA1E1,9/30/2019,F,Tesla,Model S,2015
1,DMV Direct (2/19/2020),10/1/2018,30049,1G1RA6E4,9/30/2019,D,Chevrolet,Volt,2013
1,DMV Direct (2/19/2020),10/1/2018,30063,1G1RE6E4,9/30/2019,D,Chevrolet,Volt,2013
1,DMV Direct (2/19/2020),10/1/2018,30107,5YJ3E1EB,9/30/2019,J,Tesla,Model 3,2018
1,DMV Direct (2/19/2020),10/1/2018,30111,3FA6P0SU,9/30/2019,F,Ford,Fusion Energi,2015
1,DMV Direct (2/19/2020),10/1/2018,30091,1G1RA6E4,9/30/2019,F,Chevrolet,Volt,2015
1,DMV Direct (2/19/2020),10/1/2018,30031,1N4AZ0CP,9/30/2019,E,Nissan,Leaf,2014
1,DMV Direct (2/19/2020),10/1/2018,30047,1G1RB6E4,9/30/2019,E,Chevrolet,Volt,2014
1,DMV Direct (2/19/2020),10/1/2018,30111,5YJSA1CP,9/30/2019,D,Tesla,Model S,2013
1,DMV Direct (2/19/2020),10/1/2018,30029,WBY2Z2C5,9/30/2019,F,BMW,i8,2015
1,DMV Direct (2/19/2020),10/1/2018,30031,1N4AZ0CP,9/30/2019,E,Nissan,Leaf,2014
1,DMV Direct (2/19/2020),10/1/2018,30041,3FA6P0SU,9/30/2019,J,Ford,Fusion Energi,2018
1,DMV Direct (2/19/2020),10/1/2018,30049,1G1FZ6S0,9/30/2019,K,Chevrolet,Bolt EV,2019
1,DMV Direct (2/19/2020),10/1/2018,30031,5YJXCDE2,9/30/2019,J,Tesla,Model X,2018
1,DMV Direct (2/19/2020),10/1/2018,30031,5YJ3E1EB,9/30/2019,J,Tesla,Model 3,2018
1,DMV Direct (2/19/2020),10/1/2018,30063,5YJ3E1EA,9/30/2019,J,Tesla,Model 3,2018
1,DMV Direct (2/19/2020),10/1/2018,30063,3FA6P0PU,9/30/2019,H,Ford,Fusion Energi,2017
1,DMV Direct (2/19/2020),10/1/2018,30029,5YJSA1E2,9/30/2019,G,Tesla,Model S,2016
1,DMV Direct (2/19/2020),10/1/2018,30029,5YJSA1H4,9/30/2019,F,Tesla,Model S,2015
1,DMV Direct (2/19/2020),10/1/2018,30029,3FA6P0PU,9/30/2019,H,Ford,Fusion Energi,2017
1,DMV Direct (2/19/2020),10/1/2018,30049,1G1RA6S5,9/30/2019,H,Chevrolet,Volt,2017
1,DMV Direct (2/19/2020),10/1/2018,30063,5YJ3E1EB,9/30/2019,J,Tesla,Model 3,2018
1,DMV Direct (2/19/2020),10/1/2018,30047,5YJSA1S2,9/30/2019,F,Tesla,Model S,2015
1,DMV Direct (2/19/2020),10/1/2018,30029,5YJSA4H2,9/30/2019,F,Tesla,Model S,2015
1,DMV Direct (2/19/2020),9/1/2018,30049,5YJ3E1EB,8/31/2019,J,Tesla,Model 3,2018
1,DMV Direct (2/19/2020),9/1/2018,30029,1G1RD6S5,8/31/2019,G,Chevrolet,Volt,2016
1,DMV Direct (2/19/2020),9/1/2018,30063,JA4J24A5,8/31/2019,J,Mitsubishi,Outlander Plug In,2018
1,DMV Direct (2/19/2020),9/1/2018,30063,1G1RF6E4,8/31/2019,E,Chevrolet,Volt,2014
1,DMV Direct (2/19/2020),9/1/2018,30029,5YJXCDE2,8/31/2019,H,Tesla,Model X,2017
1,DMV Direct (2/19/2020),9/1/2018,30029,JA3215H4,8/31/2019,G,Mitsubishi,i,2016
1,DMV Direct (2/19/2020),9/1/2018,30067,1G1RH6E4,8/31/2019,D,Chevrolet,Volt,2013
1,DMV Direct (2/19/2020),9/1/2018,30031,5YJSA1S2,8/31/2019,F,Tesla,Model S,2015
1,DMV Direct (2/19/2020),9/1/2018,30081,5YJSA1S2,8/31/2019,F,Tesla,Model S,2015
1,DMV Direct (2/19/2020),9/1/2018,30039,5YJSA1H2,8/31/2019,F,Tesla,Model S,2015
1,DMV Direct (2/19/2020),9/1/2018,30111,5YJSA1E2,8/31/2019,G,Tesla,Model S,2016
1,DMV Direct (2/19/2020),9/1/2018,30029,5YJSA1E2,8/31/2019,G,Tesla,Model S,2016
1,DMV Direct (2/19/2020),9/1/2018,30063,1G1RA6E4,8/31/2019,F,Chevrolet,Volt,2015
1,DMV Direct (2/19/2020),9/1/2018,30029,5YJSA1E2,8/31/2019,G,Tesla,Model S,2016
1,DMV Direct (2/19/2020),9/1/2018,30013,5YJSA4H2,8/31/2019,F,Tesla,Model S,2015
1,DMV Direct (2/19/2020),9/1/2018,30029,5YJSA1E4,8/31/2019,H,Tesla,Model S,2017
1,DMV Direct (2/19/2020),9/1/2018,30063,1G1RA6S5,8/31/2019,H,Chevrolet,Volt,2017
1,DMV Direct (2/19/2020),9/1/2018,30031,1G1RA6S5,8/31/2019,J,Chevrolet,Volt,2018
1,DMV Direct (2/19/2020),9/1/2018,30063,5YJSA1E2,8/31/2019,J,Tesla,Model S,2018
1,DMV Direct (2/19/2020),9/1/2018,30063,5YJSA1E4,8/31/2019,J,Tesla,Model S,2018
1,DMV Direct (2/19/2020),9/1/2018,30039,5YJSA1E4,8/31/2019,J,Tesla,Model S,2018
1,DMV Direct (2/19/2020),9/1/2018,30029,1G1RB6E4,8/31/2019,C,Chevrolet,Volt,2012
1,DMV Direct (2/19/2020),9/1/2018,30023,5YJSA1E2,8/31/2019,J,Tesla,Model S,2018
1,DMV Direct (2/19/2020),9/1/2018,30029,5YJXCBE2,8/31/2019,H,Tesla,Model X,2017
1,DMV Direct (2/19/2020),9/1/2018,30049,1G1RB6S5,8/31/2019,H,Chevrolet,Volt,2017
1,DMV Direct (2/19/2020),9/1/2018,30111,1G1RB6S5,8/31/2019,H,Chevrolet,Volt,2017
1,DMV Direct (2/19/2020),9/1/2018,30029,5YJ3E1EB,8/31/2019,J,Tesla,Model 3,2018
1,DMV Direct (2/19/2020),9/1/2018,30063,5YJ3E1EB,8/31/2019,J,Tesla,Model 3,2018
1,DMV Direct (2/19/2020),9/1/2018,30031,5YJ3E1EB,8/31/2019,J,Tesla,Model 3,2018
1,DMV Direct (2/19/2020),9/1/2018,30063,5YJ3E1EB,8/31/2019,J,Tesla,Model 3,2018
1,DMV Direct (2/19/2020),9/1/2018,30049,5YJ3E1EB,8/31/2019,J,Tesla,Model 3,2018
1,DMV Direct (2/19/2020),9/1/2018,30111,5YJXCBE2,8/31/2019,G,Tesla,Model X,2016
1,DMV Direct (2/19/2020),9/1/2018,30023,1G1FX6S0,8/31/2019,H,Chevrolet,Bolt EV,2017
1,DMV Direct (2/19/2020),9/1/2018,30029,5YJSA1DP,8/31/2019,D,Tesla,Model S,2013
1,DMV Direct (2/19/2020),9/1/2018,30031,1G1RA6E4,8/31/2019,D,Chevrolet,Volt,2013
1,DMV Direct (2/19/2020),9/1/2018,30063,1G1FX6S0,8/31/2019,H,Chevrolet,Bolt EV,2017
1,DMV Direct (2/19/2020),9/1/2018,30063,5YJXCBE2,8/31/2019,H,Tesla,Model X,2017
1,DMV Direct (2/19/2020),9/1/2018,30029,5YJXCBE2,8/31/2019,H,Tesla,Model X,2017
1,DMV Direct (2/19/2020),9/1/2018,30077,5YJRE1A3,8/31/2019,B,Tesla,Roadster,2011
1,DMV Direct (2/19/2020),9/1/2018,30031,1N4AZ0CP,8/31/2019,D,Nissan,Leaf,2013
1,DMV Direct (2/19/2020),9/1/2018,30089,3FA6P0PU,8/31/2019,G,Ford,Fusion Energi,2016
1,DMV Direct (2/19/2020),9/1/2018,30001,1FADP5CU,8/31/2019,E,Ford,C-Max Energi,2014
1,DMV Direct (2/19/2020),9/1/2018,30031,3C3CFFGE,8/31/2019,D,Fiat,500e,2013
1,DMV Direct (2/19/2020),9/1/2018,30049,JTDKARFP,8/31/2019,H,Toyota,Prius Prime,2017
1,DMV Direct (2/19/2020),9/1/2018,30031,1N4BZ0CP,8/31/2019,G,Nissan,Leaf,2016
1,DMV Direct (2/19/2020),9/1/2018,30063,JTDKARFP,8/31/2019,H,Toyota,Prius Prime,2017
1,DMV Direct (2/19/2020),9/1/2018,30039,5YJ3E1EA,8/31/2019,J,Tesla,Model 3,2018
1,DMV Direct (2/19/2020),9/1/2018,30089,JTDKN3DP,8/31/2019,C,Toyota,Prius Plug-in,2012
1,DMV Direct (2/19/2020),9/1/2018,30029,WBY2Z6C5,8/31/2019,K,BMW,i8,2019
1,DMV Direct (2/19/2020),9/1/2018,30029,1N4AZ0CP,8/31/2019,D,Nissan,Leaf,2013
1,DMV Direct (2/19/2020),9/1/2018,30039,SBM12ABA,8/31/2019,F,Mclaren,P1,2015
1,DMV Direct (2/19/2020),9/1/2018,30023,1N4AZ1CP,8/31/2019,J,Nissan,Leaf,2018
1,DMV Direct (2/19/2020),9/1/2018,30067,1FADP5CU,8/31/2019,F,Ford,C-Max Energi,2015
1,DMV Direct (2/19/2020),9/1/2018,30029,WP0CA2A1,8/31/2019,F,Porsche,918 Spyder,2015
1,DMV Direct (2/19/2020),9/1/2018,30029,WAUSPBFF,8/31/2019,H,Audi,A3 Plug In,2017
1,DMV Direct (2/19/2020),9/1/2018,30111,5UXKT0C5,8/31/2019,J,BMW,X5,2018
1,DMV Direct (2/19/2020),9/1/2018,30029,JTDKARFP,8/31/2019,H,Toyota,Prius Prime,2017
1,DMV Direct (2/19/2020),9/1/2018,30081,WBY1Z4C5,8/31/2019,E,BMW,i3 REx,2014
1,DMV Direct (2/19/2020),9/1/2018,30031,JTDKARFP,8/31/2019,H,Toyota,Prius Prime,2017
1,DMV Direct (2/19/2020),9/1/2018,30111,5UXKT0C3,8/31/2019,H,BMW,X5,2017
1,DMV Direct (2/19/2020),9/1/2018,30063,1N4AZ1CP,8/31/2019,J,Nissan,Leaf,2018
1,DMV Direct (2/19/2020),9/1/2018,30029,5YJ3E1EA,8/31/2019,J,Tesla,Model 3,2018
1,DMV Direct (2/19/2020),9/1/2018,30111,JN1AZ0CP,8/31/2019,B,Nissan,Leaf,2011
1,DMV Direct (2/19/2020),9/1/2018,30111,1FADP5CU,8/31/2019,D,Ford,C-Max Energi,2013
1,DMV Direct (2/19/2020),9/1/2018,30089,1G6RR1E4,8/31/2019,E,Cadillac,ELR,2014
1,DMV Direct (2/19/2020),9/1/2018,30063,3FA6P0SU,8/31/2019,F,Ford,Fusion Energi,2015
1,DMV Direct (2/19/2020),9/1/2018,30031,KL8CL6S0,8/31/2019,G,Chevrolet,Spark,2016
1,DMV Direct (2/19/2020),9/1/2018,30111,KL8CL6S0,8/31/2019,F,Chevrolet,Spark,2015
1,DMV Direct (2/19/2020),9/1/2018,30049,JN1AZ0CP,8/31/2019,B,Nissan,Leaf,2011
1,DMV Direct (2/19/2020),9/1/2018,30013,JHMZC5F3,8/31/2019,J,Honda,Clarity Plug In,2018
1,DMV Direct (2/19/2020),9/1/2018,30029,SBM12ABA,8/31/2019,F,Mclaren,P1,2015
1,DMV Direct (2/19/2020),9/1/2018,30049,1N4AZ0CP,8/31/2019,D,Nissan,Leaf,2013
1,DMV Direct (2/19/2020),9/1/2018,30071,WBY2Z6C5,8/31/2019,K,BMW,i8,2019
1,DMV Direct (2/19/2020),9/1/2018,30111,1N4AZ0CP,8/31/2019,E,Nissan,Leaf,2014
1,DMV Direct (2/19/2020),9/1/2018,30039,2C4RC1H7,8/31/2019,J,Chrysler,Pacifica,2018
1,DMV Direct (2/19/2020),8/1/2018,30039,SBM12ABA,7/31/2019,F,Mclaren,P1,2015
1,DMV Direct (2/19/2020),8/1/2018,30031,5ASAG274,7/31/2019,6,GEM,NEV,2006
1,DMV Direct (2/19/2020),8/1/2018,30029,SBM12ABA,7/31/2019,F,Mclaren,P1,2015
1,DMV Direct (2/19/2020),8/1/2018,30039,LYVBR0DL,7/31/2019,J,Volvo,XC60 Plug In,2018
1,DMV Direct (2/19/2020),8/1/2018,30063,5YJXCBE2,7/31/2019,H,Tesla,Model X,2017
1,DMV Direct (2/19/2020),8/1/2018,30031,1FADP5CU,7/31/2019,G,Ford,C-Max Energi,2016
1,DMV Direct (2/19/2020),8/1/2018,30029,WP0CA2A1,7/31/2019,F,Porsche,918 Spyder,2015
1,DMV Direct (2/19/2020),8/1/2018,30039,5YJXCBE2,7/31/2019,H,Tesla,Model X,2017
1,DMV Direct (2/19/2020),8/1/2018,30063,1G1RB6S5,7/31/2019,J,Chevrolet,Volt,2018
1,DMV Direct (2/19/2020),8/1/2018,30013,5ASAG274,7/31/2019,8,GEM,NEV,2008
1,DMV Direct (2/19/2020),8/1/2018,30017,5ASAG274,7/31/2019,6,GEM,NEV,2006
1,DMV Direct (2/19/2020),8/1/2018,30081,5YJSA1E2,7/31/2019,H,Tesla,Model S,2017
1,DMV Direct (2/19/2020),8/1/2018,30063,1N4AZ0CP,7/31/2019,F,Nissan,Leaf,2015
1,DMV Direct (2/19/2020),8/1/2018,30101,3FA6P0PU,7/31/2019,J,Ford,Fusion Energi,2018
1,DMV Direct (2/19/2020),8/1/2018,30111,5YJSA1E2,7/31/2019,G,Tesla,Model S,2016
1,DMV Direct (2/19/2020),8/1/2018,30029,WMEFJ9BA,7/31/2019,J,Smart,forTwo EV,2018
1,DMV Direct (2/19/2020),8/1/2018,30063,3FA6P0SU,7/31/2019,F,Ford,Fusion Energi,2015
1,DMV Direct (2/19/2020),8/1/2018,30031,5YJXCAE2,7/31/2019,G,Tesla,Model X,2016
1,DMV Direct (2/19/2020),8/1/2018,30057,5YJXCAE2,7/31/2019,H,Tesla,Model X,2017
1,DMV Direct (2/19/2020),8/1/2018,30031,1G1RA6E4,12/31/9999,E,Chevrolet,Volt,2014
1,DMV Direct (2/19/2020),8/1/2018,30093,3FA6P0SU,7/31/2019,F,Ford,Fusion Energi,2015
1,DMV Direct (2/19/2020),8/1/2018,30057,5YJXCAE4,7/31/2019,G,Tesla,Model X,2016
1,DMV Direct (2/19/2020),8/1/2018,30057,1FADP5CU,7/31/2019,F,Ford,C-Max Energi,2015
1,DMV Direct (2/19/2020),8/1/2018,30013,WBY1Z4C5,7/31/2019,F,BMW,i3 REx,2015
1,DMV Direct (2/19/2020),8/1/2018,30029,WAUTPBFF,7/31/2019,G,Audi,A3 Plug In,2016
1,DMV Direct (2/19/2020),8/1/2018,30029,5YJSA1E2,7/31/2019,H,Tesla,Model S,2017
1,DMV Direct (2/19/2020),8/1/2018,30057,5YJXCAE2,7/31/2019,H,Tesla,Model X,2017
1,DMV Direct (2/19/2020),8/1/2018,30061,3FA6P0PU,7/31/2019,H,Ford,Fusion Energi,2017
1,DMV Direct (2/19/2020),8/1/2018,30029,1G1RA6E4,7/31/2019,C,Chevrolet,Volt,2012
1,DMV Direct (2/19/2020),8/1/2018,30029,5YJSA1H2,7/31/2019,F,Tesla,Model S,2015
1,DMV Direct (2/19/2020),8/1/2018,30057,5YJXCBE2,7/31/2019,G,Tesla,Model X,2016
1,DMV Direct (2/19/2020),8/1/2018,30031,3C3CFFGE,7/31/2019,H,Fiat,500e,2017
1,DMV Direct (2/19/2020),8/1/2018,30029,5YJXCDE2,7/31/2019,H,Tesla,Model X,2017
1,DMV Direct (2/19/2020),8/1/2018,30031,5YJ3E1EA,7/31/2019,H,Tesla,Model 3,2017
1,DMV Direct (2/19/2020),8/1/2018,30081,1G1RD6E4,7/31/2019,E,Chevrolet,Volt,2014
1,DMV Direct (2/19/2020),8/1/2018,30029,5YJXCDE2,7/31/2019,H,Tesla,Model X,2017
1,DMV Direct (2/19/2020),8/1/2018,30087,1G1RA6S5,7/31/2019,J,Chevrolet,Volt,2018
1,DMV Direct (2/19/2020),8/1/2018,30039,YH4K14AA,7/31/2019,C,Fisker,Karma,2012
1,DMV Direct (2/19/2020),8/1/2018,30031,JTDKARFP,7/31/2019,J,Toyota,Prius Prime,2018
1,DMV Direct (2/19/2020),8/1/2018,30063,5YJSA1E4,7/31/2019,H,Tesla,Model S,2017
1,DMV Direct (2/19/2020),8/1/2018,30031,5YJ3E1EB,7/31/2019,J,Tesla,Model 3,2018
1,DMV Direct (2/19/2020),8/1/2018,30039,JTDKARFP,7/31/2019,H,Toyota,Prius Prime,2017
1,DMV Direct (2/19/2020),8/1/2018,30111,5YJ3E1EA,7/31/2019,J,Tesla,Model 3,2018
1,DMV Direct (2/19/2020),8/1/2018,30013,JN1AZ0CP,7/31/2019,B,Nissan,Leaf,2011
1,DMV Direct (2/19/2020),8/1/2018,30063,JHMZC5F3,7/31/2019,J,Honda,Clarity Plug In,2018
1,DMV Direct (2/19/2020),8/1/2018,30063,1N4BZ0CP,7/31/2019,H,Nissan,Leaf,2017
1,DMV Direct (2/19/2020),8/1/2018,30023,1G1RH6E4,7/31/2019,E,Chevrolet,Volt,2014
1,DMV Direct (2/19/2020),8/1/2018,30049,2C4RC1L7,7/31/2019,J,Chrysler,Pacifica,2018
1,DMV Direct (2/19/2020),8/1/2018,30063,2C4RC1L7,7/31/2019,J,Chrysler,Pacifica,2018
1,DMV Direct (2/19/2020),8/1/2018,30013,5YJ3E1EA,7/31/2019,J,Tesla,Model 3,2018
1,DMV Direct (2/19/2020),8/1/2018,30029,5YJSA1E4,7/31/2019,G,Tesla,Model S,2016
1,DMV Direct (2/19/2020),8/1/2018,30049,5YJ3E1EA,7/31/2019,J,Tesla,Model 3,2018
1,DMV Direct (2/19/2020),8/1/2018,30063,5YJSA1E2,7/31/2019,H,Tesla,Model S,2017
1,DMV Direct (2/19/2020),8/1/2018,30023,1G1RC6S5,7/31/2019,H,Chevrolet,Volt,2017
1,DMV Direct (2/19/2020),8/1/2018,30049,KL8CL6S0,7/31/2019,E,Chevrolet,Spark,2014
1,DMV Direct (2/19/2020),8/1/2018,30029,WP0CA2A1,7/31/2019,F,Porsche,918 Spyder,2015
1,DMV Direct (2/19/2020),8/1/2018,30089,1FADP5FU,7/31/2019,H,Ford,C-Max Energi,2017
1,DMV Direct (2/19/2020),8/1/2018,30063,JTDKN3DP,7/31/2019,C,Toyota,Prius Plug-in,2012
1,DMV Direct (2/19/2020),8/1/2018,30081,1G1RD6E4,7/31/2019,B,Chevrolet,Volt,2011
1,DMV Direct (2/19/2020),8/1/2018,30039,WP0CA2A1,7/31/2019,F,Porsche,918 Spyder,2015
1,DMV Direct (2/19/2020),8/1/2018,30039,2C4RC1N7,7/31/2019,J,Chrysler,Pacifica,2018
1,DMV Direct (2/19/2020),8/1/2018,30063,KMHC65LD,7/31/2019,J,Hyundai,Ioniq Plug In,2018
1,DMV Direct (2/19/2020),8/1/2018,30111,JTDKARFP,7/31/2019,J,Toyota,Prius Prime,2018
1,DMV Direct (2/19/2020),7/1/2018,30029,5YJSA1E4,6/30/2019,G,Tesla,Model S,2016
1,DMV Direct (2/19/2020),7/1/2018,30031,5YJSA1E2,6/30/2019,G,Tesla,Model S,2016
1,DMV Direct (2/19/2020),7/1/2018,30063,5YJSA1E2,6/30/2019,J,Tesla,Model S,2018
1,DMV Direct (2/19/2020),7/1/2018,30029,5YJSA1E2,6/30/2019,G,Tesla,Model S,2016
1,DMV Direct (2/19/2020),7/1/2018,30063,5YJSA1S2,9/30/2019,F,Tesla,Model S,2015
1,DMV Direct (2/19/2020),7/1/2018,30029,3FA6P0SU,6/30/2019,D,Ford,Fusion Energi,2013
1,DMV Direct (2/19/2020),7/1/2018,30089,3FA6P0PU,6/30/2019,J,Ford,Fusion Energi,2018
1,DMV Direct (2/19/2020),7/1/2018,30029,5YJSA4H4,6/30/2019,F,Tesla,Model S,2015
1,DMV Direct (2/19/2020),7/1/2018,30029,5YJSA1H2,6/30/2019,F,Tesla,Model S,2015
1,DMV Direct (2/19/2020),7/1/2018,30049,JHMZC5F3,6/30/2019,J,Honda,Clarity Plug In,2018
1,DMV Direct (2/19/2020),7/1/2018,30111,5YJSA1E2,6/30/2019,H,Tesla,Model S,2017
1,DMV Direct (2/19/2020),7/1/2018,30029,WP0CA2A1,6/30/2019,F,Porsche,918 Spyder,2015
1,DMV Direct (2/19/2020),7/1/2018,30043,1G1RA6S5,6/30/2019,H,Chevrolet,Volt,2017
1,DMV Direct (2/19/2020),7/1/2018,30029,WP0CE2A7,6/30/2019,J,Porsche,Panamera S E-Hybrid,2018
1,DMV Direct (2/19/2020),7/1/2018,30029,5YJSA1E2,6/30/2019,G,Tesla,Model S,2016
1,DMV Direct (2/19/2020),7/1/2018,30111,5YJSA1H2,6/30/2019,F,Tesla,Model S,2015
1,DMV Direct (2/19/2020),7/1/2018,30029,YH4K16AA,6/30/2019,C,Fisker,Karma,2012
1,DMV Direct (2/19/2020),7/1/2018,30081,WP1AE2A2,6/30/2019,H,Porsche,Cayenne S E-Hybrid,2017
1,DMV Direct (2/19/2020),7/1/2018,30111,5YJSA1E2,6/30/2019,H,Tesla,Model S,2017
1,DMV Direct (2/19/2020),7/1/2018,30031,5YJSA1H1,6/30/2019,E,Tesla,Model S,2014
1,DMV Direct (2/19/2020),7/1/2018,30111,1G1RA6S5,6/30/2019,H,Chevrolet,Volt,2017
1,DMV Direct (2/19/2020),7/1/2018,30049,1G1RB6E4,6/30/2019,C,Chevrolet,Volt,2012
1,DMV Direct (2/19/2020),7/1/2018,30029,5YJSA1H2,6/30/2019,F,Tesla,Model S,2015
1,DMV Direct (2/19/2020),7/1/2018,30093,WP0CA2A1,6/30/2019,F,Porsche,918 Spyder,2015
1,DMV Direct (2/19/2020),7/1/2018,30029,5YJSA1E2,6/30/2019,J,Tesla,Model S,2018
1,DMV Direct (2/19/2020),7/1/2018,30039,WP0CA2A1,6/30/2019,F,Porsche,918 Spyder,2015
1,DMV Direct (2/19/2020),7/1/2018,30031,5YJSA1E2,6/30/2019,G,Tesla,Model S,2016
1,DMV Direct (2/19/2020),7/1/2018,30029,1G1RB6S5,6/30/2019,J,Chevrolet,Volt,2018
1,DMV Direct (2/19/2020),7/1/2018,30081,1G1RB6S5,6/30/2019,J,Chevrolet,Volt,2018
1,DMV Direct (2/19/2020),7/1/2018,30063,5YJXCBE4,6/30/2019,J,Tesla,Model X,2018
1,DMV Direct (2/19/2020),7/1/2018,30031,1FADP5FU,6/30/2019,H,Ford,C-Max Energi,2017
1,DMV Direct (2/19/2020),7/1/2018,30049,1FADP5CU,6/30/2019,G,Ford,C-Max Energi,2016
1,DMV Direct (2/19/2020),7/1/2018,30061,WBAJB1C5,6/30/2019,J,BMW,5-Series Plug in,2018
1,DMV Direct (2/19/2020),7/1/2018,30111,5YJ3E1EA,6/30/2019,J,Tesla,Model 3,2018
1,DMV Direct (2/19/2020),7/1/2018,30063,5YJXCBE2,6/30/2019,H,Tesla,Model X,2017
1,DMV Direct (2/19/2020),7/1/2018,30031,JTDKARFP,6/30/2019,H,Toyota,Prius Prime,2017
1,DMV Direct (2/19/2020),7/1/2018,30099,5YJXCBE2,6/30/2019,J,Tesla,Model X,2018
1,DMV Direct (2/19/2020),7/1/2018,30031,5YJXCBE4,6/30/2019,J,Tesla,Model X,2018
1,DMV Direct (2/19/2020),7/1/2018,30031,5ASAK274,12/31/9999,7,GEM,NEV,2007
1,DMV Direct (2/19/2020),7/1/2018,30067,JTDKARFP,6/30/2019,J,Toyota,Prius Prime,2018
1,DMV Direct (2/19/2020),7/1/2018,30029,5YJXCBE4,6/30/2019,J,Tesla,Model X,2018
1,DMV Direct (2/19/2020),7/1/2018,30093,JTDKARFP,6/30/2019,J,Toyota,Prius Prime,2018
1,DMV Direct (2/19/2020),7/1/2018,30093,5ASAJ274,6/30/2019,2,GEM,NEV,2002
1,DMV Direct (2/19/2020),7/1/2018,30049,JTDKARFP,6/30/2019,H,Toyota,Prius Prime,2017
1,DMV Direct (2/19/2020),7/1/2018,30029,5ASGVHA4,6/30/2019,A,GEM,NEV,2010
1,DMV Direct (2/19/2020),7/1/2018,30031,JTDKN3DP,6/30/2019,D,Toyota,Prius Plug-in,2013
1,DMV Direct (2/19/2020),7/1/2018,30029,WBY1Z4C5,6/30/2019,G,BMW,i3 REx,2016
1,DMV Direct (2/19/2020),7/1/2018,30089,1N4AZ0CP,6/30/2019,E,Nissan,Leaf,2014
1,DMV Direct (2/19/2020),7/1/2018,30029,5YJXCAE2,6/30/2019,G,Tesla,Model X,2016
1,DMV Direct (2/19/2020),7/1/2018,30049,1G1RF6E4,6/30/2019,C,Chevrolet,Volt,2012
1,DMV Direct (2/19/2020),7/1/2018,30111,1G1RB6E4,6/30/2019,D,Chevrolet,Volt,2013
1,DMV Direct (2/19/2020),7/1/2018,30029,5YJSA1E2,6/30/2019,G,Tesla,Model S,2016
1,DMV Direct (2/19/2020),7/1/2018,30029,JHMZC5F3,6/30/2019,J,Honda,Clarity Plug In,2018
1,DMV Direct (2/19/2020),7/1/2018,30031,1N4AZ0CP,6/30/2019,D,Nissan,Leaf,2013
1,DMV Direct (2/19/2020),7/1/2018,30111,5YJ3E1EA,6/30/2019,J,Tesla,Model 3,2018
1,DMV Direct (2/19/2020),7/1/2018,30007,1FADP5CU,6/30/2019,D,Ford,C-Max Energi,2013
1,DMV Direct (2/19/2020),7/1/2018,30031,4JGDA6DB,6/30/2019,H,Mercedes,GLE55e,2017
1,DMV Direct (2/19/2020),7/1/2018,30111,5YJXCBE2,6/30/2019,G,Tesla,Model X,2016
1,DMV Direct (2/19/2020),7/1/2018,30029,WBY2Z2C5,6/30/2019,G,BMW,i8,2016
1,DMV Direct (2/19/2020),7/1/2018,30081,5YJXCBE2,6/30/2019,G,Tesla,Model X,2016
1,DMV Direct (2/19/2020),7/1/2018,30029,5YJ3E1EA,6/30/2019,J,Tesla,Model 3,2018
1,DMV Direct (2/19/2020),7/1/2018,30071,4JGDA6DB,6/30/2019,J,Mercedes,GLE55e,2018
1,DMV Direct (2/19/2020),7/1/2018,30053,1G1RF6E4,6/30/2019,C,Chevrolet,Volt,2012
1,DMV Direct (2/19/2020),6/1/2018,30029,JTDKARFP,5/31/2019,H,Toyota,Prius Prime,2017
1,DMV Direct (2/19/2020),6/1/2018,30031,5YJXCDE2,5/31/2019,J,Tesla,Model X,2018
1,DMV Direct (2/19/2020),6/1/2018,30029,5YJSA4H4,5/31/2019,F,Tesla,Model S,2015
1,DMV Direct (2/19/2020),6/1/2018,30063,5YJXCBE4,5/31/2019,H,Tesla,Model X,2017
1,DMV Direct (2/19/2020),6/1/2018,30029,YH4K14AA,5/31/2019,C,Fisker,Karma,2012
1,DMV Direct (2/19/2020),6/1/2018,30019,1G1FX6S0,5/31/2019,H,Chevrolet,Bolt EV,2017
1,DMV Direct (2/19/2020),6/1/2018,30063,WVWPP7AU,5/31/2019,F,Volkswagen,e-Golf,2015
1,DMV Direct (2/19/2020),6/1/2018,30029,JTDKARFP,5/31/2019,H,Toyota,Prius Prime,2017
1,DMV Direct (2/19/2020),6/1/2018,30111,5YJSA1H4,5/31/2019,F,Tesla,Model S,2015
1,DMV Direct (2/19/2020),6/1/2018,30063,WMEEJ9AA,5/31/2019,E,Smart,forTwo EV,2014
1,DMV Direct (2/19/2020),6/1/2018,30029,5YJXCBE2,5/31/2019,H,Tesla,Model X,2017
1,DMV Direct (2/19/2020),6/1/2018,30081,5YJSA1H2,5/31/2019,F,Tesla,Model S,2015
1,DMV Direct (2/19/2020),6/1/2018,30049,5YJXCAE4,5/31/2019,G,Tesla,Model X,2016
1,DMV Direct (2/19/2020),6/1/2018,30057,WP0AH2A7,5/31/2019,J,Porsche,Panamera S E-Hybrid,2018
1,DMV Direct (2/19/2020),6/1/2018,30029,WP0AH2A7,5/31/2019,J,Porsche,Panamera S E-Hybrid,2018
1,DMV Direct (2/19/2020),6/1/2018,30111,1FADP5CU,5/31/2019,D,Ford,C-Max Energi,2013
1,DMV Direct (2/19/2020),6/1/2018,30039,WP0CA2A1,5/31/2019,F,Porsche,918 Spyder,2015
1,DMV Direct (2/19/2020),6/1/2018,30063,JTDKN3DP,5/31/2019,F,Toyota,Prius Plug-in,2015
1,DMV Direct (2/19/2020),6/1/2018,30029,JTDKN3DP,5/31/2019,C,Toyota,Prius Plug-in,2012
1,DMV Direct (2/19/2020),6/1/2018,30029,5YJSA1H1,5/31/2019,E,Tesla,Model S,2014
1,DMV Direct (2/19/2020),6/1/2018,30057,5YJXCBE4,5/31/2019,G,Tesla,Model X,2016
1,DMV Direct (2/19/2020),6/1/2018,30049,JTDKN3DP,5/31/2019,C,Toyota,Prius Plug-in,2012
1,DMV Direct (2/19/2020),6/1/2018,30049,5YJSA1H2,5/31/2019,E,Tesla,Model S,2014
1,DMV Direct (2/19/2020),6/1/2018,30031,WAUTPBFF,5/31/2019,H,Audi,A3 Plug In,2017
1,DMV Direct (2/19/2020),6/1/2018,30023,5YJSA1H1,5/31/2019,E,Tesla,Model S,2014
1,DMV Direct (2/19/2020),6/1/2018,30095,JTDKN3DP,5/31/2019,E,Toyota,Prius Plug-in,2014
1,DMV Direct (2/19/2020),6/1/2018,30065,5YJSA1CP,5/31/2019,D,Tesla,Model S,2013
1,DMV Direct (2/19/2020),6/1/2018,30111,3FA6P0SU,5/31/2019,D,Ford,Fusion Energi,2013
1,DMV Direct (2/19/2020),6/1/2018,30029,5YJSA1CP,5/31/2019,D,Tesla,Model S,2013
1,DMV Direct (2/19/2020),6/1/2018,30063,5YJSA1E2,5/31/2019,H,Tesla,Model S,2017
1,DMV Direct (2/19/2020),6/1/2018,30029,5YJSA1CN,5/31/2019,D,Tesla,Model S,2013
1,DMV Direct (2/19/2020),6/1/2018,30029,5YJSA1E2,5/31/2019,J,Tesla,Model S,2018
1,DMV Direct (2/19/2020),6/1/2018,30049,1G1RC6E4,5/31/2019,E,Chevrolet,Volt,2014
1,DMV Direct (2/19/2020),6/1/2018,30101,1N4AZ0CP,5/31/2019,D,Nissan,Leaf,2013
1,DMV Direct (2/19/2020),6/1/2018,30031,1G1RB6S5,5/31/2019,H,Chevrolet,Volt,2017
1,DMV Direct (2/19/2020),6/1/2018,30063,3C3CFFGE,5/31/2019,G,Fiat,500e,2016
1,DMV Direct (2/19/2020),6/1/2018,30031,5YJSA1E2,5/31/2019,H,Tesla,Model S,2017
1,DMV Direct (2/19/2020),6/1/2018,30029,1G1RB6E4,5/31/2019,D,Chevrolet,Volt,2013
1,DMV Direct (2/19/2020),6/1/2018,30063,5YJSA1E2,5/31/2019,G,Tesla,Model S,2016
1,DMV Direct (2/19/2020),6/1/2018,30093,3FA6P0SU,5/31/2019,D,Ford,Fusion Energi,2013
1,DMV Direct (2/19/2020),6/1/2018,30013,2C4RC1N7,5/31/2019,H,Chrysler,Pacifica,2017
1,DMV Direct (2/19/2020),6/1/2018,30043,2C4RC1N7,5/31/2019,J,Chrysler,Pacifica,2018
1,DMV Direct (2/19/2020),6/1/2018,30047,52CG4SGA,5/31/2019,E,GEM,NEV,2014
1,DMV Direct (2/19/2020),6/1/2018,30111,2C4RC1L7,5/31/2019,J,Chrysler,Pacifica,2018
1,DMV Direct (2/19/2020),6/1/2018,30081,1G1RD6E4,5/31/2019,C,Chevrolet,Volt,2012
1,DMV Direct (2/19/2020),6/1/2018,30029,5YJSA1E2,5/31/2019,J,Tesla,Model S,2018
1,DMV Direct (2/19/2020),6/1/2018,30031,1N4AZ1CP,5/31/2019,J,Nissan,Leaf,2018
1,DMV Direct (2/19/2020),6/1/2018,30111,5YJ3E1EA,5/31/2019,J,Tesla,Model 3,2018
1,DMV Direct (2/19/2020),6/1/2018,30071,4JGDA6DB,5/31/2019,J,Mercedes,GLE55e,2018
1,DMV Direct (2/19/2020),6/1/2018,30031,5YJ3E1EA,5/31/2019,J,Tesla,Model 3,2018
1,DMV Direct (2/19/2020),6/1/2018,30031,5YJSA1E2,5/31/2019,J,Tesla,Model S,2018
1,DMV Direct (2/19/2020),6/1/2018,30063,5YJ3E1EA,5/31/2019,J,Tesla,Model 3,2018
1,DMV Direct (2/19/2020),5/1/2018,30029,5YJSA1H4,4/30/2019,F,Tesla,Model S,2015
1,DMV Direct (2/19/2020),5/1/2018,30105,JN1AZ0CP,4/30/2019,B,Nissan,Leaf,2011
1,DMV Direct (2/19/2020),5/1/2018,30029,WP0CA2A1,4/30/2019,F,Porsche,918 Spyder,2015
1,DMV Direct (2/19/2020),5/1/2018,30063,3C3CFFGE,4/30/2019,E,Fiat,500e,2014
1,DMV Direct (2/19/2020),5/1/2018,30111,KL8CK6S0,4/30/2019,E,Chevrolet,Spark,2014
1,DMV Direct (2/19/2020),5/1/2018,30029,1G1FX6S0,4/30/2019,H,Chevrolet,Bolt EV,2017
1,DMV Direct (2/19/2020),5/1/2018,30081,1G1RA6E4,4/30/2019,D,Chevrolet,Volt,2013
1,DMV Direct (2/19/2020),5/1/2018,30039,5YJSA1E1,4/30/2019,H,Tesla,Model S,2017
1,DMV Direct (2/19/2020),5/1/2018,30063,3FA6P0PU,4/30/2019,D,Ford,Fusion Energi,2013
1,DMV Direct (2/19/2020),5/1/2018,30029,KNAGU4LC,4/30/2019,H,Kia,Optima Plug In,2017
1,DMV Direct (2/19/2020),5/1/2018,30047,3FA6P0PU,4/30/2019,D,Ford,Fusion Energi,2013
1,DMV Direct (2/19/2020),5/1/2018,30105,3FA6P0PU,12/31/2019,F,Ford,Fusion Energi,2015
1,DMV Direct (2/19/2020),5/1/2018,30047,1G1RH6E4,4/30/2019,E,Chevrolet,Volt,2014
1,DMV Direct (2/19/2020),5/1/2018,30087,KNAGU4LC,4/30/2019,H,Kia,Optima Plug In,2017
1,DMV Direct (2/19/2020),5/1/2018,30029,5YJ3E1EA,4/30/2019,J,Tesla,Model 3,2018
1,DMV Direct (2/19/2020),5/1/2018,30063,5YJXCAE2,4/30/2019,G,Tesla,Model X,2016
1,DMV Direct (2/19/2020),5/1/2018,30063,5YJXCDE2,4/30/2019,H,Tesla,Model X,2017
1,DMV Direct (2/19/2020),5/1/2018,30029,WP0CA2A1,4/30/2019,F,Porsche,918 Spyder,2015
1,DMV Direct (2/19/2020),5/1/2018,30063,5ASAG474,12/31/9999,2,GEM,NEV,2002
1,DMV Direct (2/19/2020),5/1/2018,30043,5YJXCBE2,4/30/2019,G,Tesla,Model X,2016
1,DMV Direct (2/19/2020),5/1/2018,30063,5UXKT0C3,4/30/2019,H,BMW,X5,2017
1,DMV Direct (2/19/2020),5/1/2018,30031,JTDKARFP,4/30/2019,J,Toyota,Prius Prime,2018
1,DMV Direct (2/19/2020),5/1/2018,30031,5YJXCBE2,4/30/2019,G,Tesla,Model X,2016
1,DMV Direct (2/19/2020),5/1/2018,30029,5YJXCDE2,4/30/2019,J,Tesla,Model X,2018
1,DMV Direct (2/19/2020),5/1/2018,30063,JTDKARFP,4/30/2019,H,Toyota,Prius Prime,2017
1,DMV Direct (2/19/2020),5/1/2018,30081,5YJXCDE2,4/30/2019,J,Tesla,Model X,2018
1,DMV Direct (2/19/2020),5/1/2018,30063,JTDKARFP,4/30/2019,H,Toyota,Prius Prime,2017
1,DMV Direct (2/19/2020),5/1/2018,30081,1G1RB6S5,4/30/2019,J,Chevrolet,Volt,2018
1,DMV Direct (2/19/2020),5/1/2018,30029,5YJSA1AG,4/30/2019,D,Tesla,Model S,2013
1,DMV Direct (2/19/2020),5/1/2018,30029,5YJXCDE2,4/30/2019,J,Tesla,Model X,2018
1,DMV Direct (2/19/2020),5/1/2018,30063,1G1RD6E4,4/30/2019,D,Chevrolet,Volt,2013
1,DMV Direct (2/19/2020),5/1/2018,30029,WP0CA2A1,4/30/2019,F,Porsche,918 Spyder,2015
1,DMV Direct (2/19/2020),5/1/2018,30031,1G1RB6E4,4/30/2019,D,Chevrolet,Volt,2013
1,DMV Direct (2/19/2020),5/1/2018,30063,3C3CFFGE,4/30/2019,D,Fiat,500e,2013
1,DMV Direct (2/19/2020),5/1/2018,30029,5YJ3E1EA,4/30/2019,J,Tesla,Model 3,2018
1,DMV Direct (2/19/2020),5/1/2018,30029,YH4K14AA,4/30/2019,C,Fisker,Karma,2012
1,DMV Direct (2/19/2020),5/1/2018,30031,JTDKARFP,4/30/2019,J,Toyota,Prius Prime,2018
1,DMV Direct (2/19/2020),5/1/2018,30111,JTDKARFP,4/30/2019,J,Toyota,Prius Prime,2018
1,DMV Direct (2/19/2020),5/1/2018,30029,YH4K14AA,4/30/2019,C,Fisker,Karma,2012
1,DMV Direct (2/19/2020),5/1/2018,30031,5YJXCAE4,4/30/2019,J,Tesla,Model X,2018
1,DMV Direct (2/19/2020),5/1/2018,30029,WP0CA2A1,4/30/2019,F,Porsche,918 Spyder,2015
1,DMV Direct (2/19/2020),5/1/2018,30101,1N4BZ0CP,4/30/2019,G,Nissan,Leaf,2016
1,DMV Direct (2/19/2020),5/1/2018,30047,5YJSA1E4,4/30/2019,J,Tesla,Model S,2018
1,DMV Direct (2/19/2020),5/1/2018,30029,1N4BZ0CP,4/30/2019,H,Nissan,Leaf,2017
1,DMV Direct (2/19/2020),5/1/2018,30031,1G1RA6S5,4/30/2019,H,Chevrolet,Volt,2017
1,DMV Direct (2/19/2020),5/1/2018,30111,5YJSA1E2,4/30/2019,H,Tesla,Model S,2017
1,DMV Direct (2/19/2020),5/1/2018,30023,WP0AD2A7,4/30/2019,F,Porsche,Panamera S E-Hybrid,2015
1,DMV Direct (2/19/2020),5/1/2018,30071,4JGDA6DB,4/30/2019,J,Mercedes,GLE55e,2018
1,DMV Direct (2/19/2020),5/1/2018,30111,WBY2Z2C5,4/30/2019,E,BMW,i8,2014
1,DMV Direct (2/19/2020),5/1/2018,30063,1N4AZ0CP,4/30/2019,F,Nissan,Leaf,2015
1,DMV Direct (2/19/2020),5/1/2018,30029,1N4AZ0CP,4/30/2019,F,Nissan,Leaf,2015
1,DMV Direct (2/19/2020),5/1/2018,30047,1G1RB6E4,4/30/2019,C,Chevrolet,Volt,2012
1,DMV Direct (2/19/2020),5/1/2018,30077,5YJ3E1EA,4/30/2019,J,Tesla,Model 3,2018
1,DMV Direct (2/19/2020),5/1/2018,30067,1G1RB6E4,4/30/2019,C,Chevrolet,Volt,2012
1,DMV Direct (2/19/2020),5/1/2018,30029,WBAJB1C5,4/30/2019,J,BMW,5-Series Plug in,2018
1,DMV Direct (2/19/2020),5/1/2018,30111,5YJSA1E2,4/30/2019,J,Tesla,Model S,2018
1,DMV Direct (2/19/2020),5/1/2018,30013,JHMZC5F3,4/30/2019,J,Honda,Clarity Plug In,2018
1,DMV Direct (2/19/2020),5/1/2018,30081,WAUUPBFF,4/30/2019,H,Audi,A3 Plug In,2017
1,DMV Direct (2/19/2020),5/1/2018,30029,5YJ3E1EA,4/30/2019,J,Tesla,Model 3,2018
1,DMV Direct (2/19/2020),5/1/2018,30029,SBM12ABA,4/30/2019,F,Mclaren,P1,2015
1,DMV Direct (2/19/2020),5/1/2018,30063,WMEEJ9AA,4/30/2019,D,Smart,forTwo EV,2013
1,DMV Direct (2/19/2020),5/1/2018,30003,5YJSA1E2,4/30/2019,G,Tesla,Model S,2016
1,DMV Direct (2/19/2020),5/1/2018,30043,5YJSA1E2,4/30/2019,J,Tesla,Model S,2018
1,DMV Direct (2/19/2020),5/1/2018,30031,5YJXCDE4,4/30/2019,H,Tesla,Model X,2017
1,DMV Direct (2/19/2020),5/1/2018,30013,YV4BC0PL,4/30/2019,H,Volvo,XC90 Plug In,2017
1,DMV Direct (2/19/2020),5/1/2018,30111,5YJSA1H2,4/30/2019,F,Tesla,Model S,2015
1,DMV Direct (2/19/2020),5/1/2018,30063,YV4BC0PL,4/30/2019,H,Volvo,XC90 Plug In,2017
1,DMV Direct (2/19/2020),5/1/2018,30071,4JGDA6DB,4/30/2019,J,Mercedes,GLE55e,2018
1,DMV Direct (2/19/2020),4/1/2018,30063,1G1RB6S5,3/31/2019,H,Chevrolet,Volt,2017
1,DMV Direct (2/19/2020),4/1/2018,30063,YV4BR0DM,3/31/2019,J,Volvo,XC60 Plug In,2018
1,DMV Direct (2/19/2020),4/1/2018,30111,5YJXCBE2,3/31/2019,H,Tesla,Model X,2017
1,DMV Direct (2/19/2020),4/1/2018,30049,1G1RE6E4,3/31/2019,D,Chevrolet,Volt,2013
1,DMV Direct (2/19/2020),4/1/2018,30081,2C4RC1N7,3/31/2019,J,Chrysler,Pacifica,2018
1,DMV Direct (2/19/2020),4/1/2018,30029,1G1FX6S0,3/31/2019,H,Chevrolet,Bolt EV,2017
1,DMV Direct (2/19/2020),4/1/2018,30029,5YJSA1E4,3/31/2019,H,Tesla,Model S,2017
1,DMV Direct (2/19/2020),4/1/2018,30029,5YJXCBE2,3/31/2019,J,Tesla,Model X,2018
1,DMV Direct (2/19/2020),4/1/2018,30029,1G1FX6S0,3/31/2019,H,Chevrolet,Bolt EV,2017
1,DMV Direct (2/19/2020),4/1/2018,30049,1N4AZ0CP,3/31/2019,D,Nissan,Leaf,2013
1,DMV Direct (2/19/2020),4/1/2018,30029,5YJ3E1EA,3/31/2019,J,Tesla,Model 3,2018
1,DMV Direct (2/19/2020),4/1/2018,30029,5YJRE1A3,3/31/2019,B,Tesla,Roadster,2011
1,DMV Direct (2/19/2020),4/1/2018,30029,1G1FX6S0,3/31/2019,H,Chevrolet,Bolt EV,2017
1,DMV Direct (2/19/2020),4/1/2018,30031,1G1RB6S5,3/31/2019,H,Chevrolet,Volt,2017
1,DMV Direct (2/19/2020),4/1/2018,30081,1N4AZ0CP,3/31/2019,D,Nissan,Leaf,2013
1,DMV Direct (2/19/2020),4/1/2018,30029,WBY2Z2C3,3/31/2019,H,BMW,i8,2017
1,DMV Direct (2/19/2020),4/1/2018,30029,5YJXCDE2,3/31/2019,H,Tesla,Model X,2017
1,DMV Direct (2/19/2020),4/1/2018,30063,5YJXCBE4,3/31/2019,J,Tesla,Model X,2018
1,DMV Direct (2/19/2020),4/1/2018,30029,1G1FX6S0,3/31/2019,H,Chevrolet,Bolt EV,2017
1,DMV Direct (2/19/2020),4/1/2018,30029,5YJ3E1EA,3/31/2019,H,Tesla,Model 3,2017
1,DMV Direct (2/19/2020),4/1/2018,30029,JN1AZ0CP,3/31/2019,C,Nissan,Leaf,2012
1,DMV Direct (2/19/2020),4/1/2018,30063,2C4RC1N7,3/31/2019,J,Chrysler,Pacifica,2018
1,DMV Direct (2/19/2020),4/1/2018,30029,5YJXCBE4,3/31/2019,H,Tesla,Model X,2017
1,DMV Direct (2/19/2020),4/1/2018,30041,JTDKARFP,3/31/2019,H,Toyota,Prius Prime,2017
1,DMV Direct (2/19/2020),4/1/2018,30029,1G1FX6S0,3/31/2019,H,Chevrolet,Bolt EV,2017
1,DMV Direct (2/19/2020),4/1/2018,30039,5YJSA1E2,3/31/2019,J,Tesla,Model S,2018
1,DMV Direct (2/19/2020),4/1/2018,30053,1G1RD6E4,3/31/2019,E,Chevrolet,Volt,2014
1,DMV Direct (2/19/2020),4/1/2018,30031,1N4AZ0CP,3/31/2019,E,Nissan,Leaf,2014
1,DMV Direct (2/19/2020),4/1/2018,30063,5YJ3E1EA,3/31/2019,J,Tesla,Model 3,2018
1,DMV Direct (2/19/2020),4/1/2018,30029,5YJXCBE2,3/31/2019,J,Tesla,Model X,2018
1,DMV Direct (2/19/2020),4/1/2018,30029,1G1FX6S0,3/31/2019,H,Chevrolet,Bolt EV,2017
1,DMV Direct (2/19/2020),4/1/2018,30023,3FA6P0SU,3/31/2019,G,Ford,Fusion Energi,2016
1,DMV Direct (2/19/2020),4/1/2018,30111,JN1AZ0CP,3/31/2019,C,Nissan,Leaf,2012
1,DMV Direct (2/19/2020),4/1/2018,30031,1G1FX6S0,3/31/2019,H,Chevrolet,Bolt EV,2017
1,DMV Direct (2/19/2020),4/1/2018,30029,5YJSA1E2,3/31/2019,H,Tesla,Model S,2017
1,DMV Direct (2/19/2020),4/1/2018,30111,5YJXCAE2,3/31/2019,G,Tesla,Model X,2016
1,DMV Direct (2/19/2020),4/1/2018,30039,5YJSA1H2,3/31/2019,F,Tesla,Model S,2015
1,DMV Direct (2/19/2020),4/1/2018,30029,WP0CA2A1,3/31/2019,F,Porsche,918 Spyder,2015
1,DMV Direct (2/19/2020),4/1/2018,30031,5YJSA1H2,3/31/2019,F,Tesla,Model S,2015
1,DMV Direct (2/19/2020),4/1/2018,30111,5YJSA1E1,3/31/2019,H,Tesla,Model S,2017
1,DMV Direct (2/19/2020),4/1/2018,30111,1FADP5CU,3/31/2019,G,Ford,C-Max Energi,2016
1,DMV Direct (2/19/2020),4/1/2018,30063,WAUTPBFF,3/31/2019,G,Audi,A3 Plug In,2016
1,DMV Direct (2/19/2020),4/1/2018,30071,5ASAG274,3/31/2019,8,GEM,NEV,2008
1,DMV Direct (2/19/2020),4/1/2018,30029,SBM12ABA,3/31/2019,F,Mclaren,P1,2015
1,DMV Direct (2/19/2020),4/1/2018,30081,5YJXCAE2,3/31/2019,G,Tesla,Model X,2016
1,DMV Direct (2/19/2020),4/1/2018,30043,KL8CK6S0,3/31/2019,E,Chevrolet,Spark,2014
1,DMV Direct (2/19/2020),4/1/2018,30049,3FA6P0PU,3/31/2019,E,Ford,Fusion Energi,2014
1,DMV Direct (2/19/2020),4/1/2018,30063,5YJSA1H2,3/31/2019,F,Tesla,Model S,2015
1,DMV Direct (2/19/2020),4/1/2018,30029,5YJSA1H2,3/31/2019,F,Tesla,Model S,2015
1,DMV Direct (2/19/2020),4/1/2018,30031,1G1RB6E4,3/31/2019,C,Chevrolet,Volt,2012
1,DMV Direct (2/19/2020),4/1/2018,30031,1G1RB6E4,3/31/2019,C,Chevrolet,Volt,2012
1,DMV Direct (2/19/2020),4/1/2018,30063,1FADP5CU,3/31/2019,D,Ford,C-Max Energi,2013
1,DMV Direct (2/19/2020),4/1/2018,30031,5YJSA1E2,3/31/2019,G,Tesla,Model S,2016
1,DMV Direct (2/19/2020),4/1/2018,30049,5YJSA1E2,3/31/2019,G,Tesla,Model S,2016
1,DMV Direct (2/19/2020),4/1/2018,30063,KMHE14L2,3/31/2019,G,Hyundai,Sonata Plug In,2016
1,DMV Direct (2/19/2020),4/1/2018,30063,5YJSA1E2,3/31/2019,G,Tesla,Model S,2016
1,DMV Direct (2/19/2020),4/1/2018,30031,5YJSA1E2,3/31/2019,G,Tesla,Model S,2016
1,DMV Direct (2/19/2020),4/1/2018,30029,3FA6P0SU,3/31/2019,E,Ford,Fusion Energi,2014
1,DMV Direct (2/19/2020),4/1/2018,30031,WP1AE2A2,3/31/2019,H,Porsche,Cayenne S E-Hybrid,2017
1,DMV Direct (2/19/2020),4/1/2018,30029,WP0CA2A1,3/31/2019,F,Porsche,918 Spyder,2015
1,DMV Direct (2/19/2020),4/1/2018,30031,1G1RB6E4,3/31/2019,E,Chevrolet,Volt,2014
1,DMV Direct (2/19/2020),4/1/2018,30057,WP1AE2A2,3/31/2019,F,Porsche,Cayenne S E-Hybrid,2015
1,DMV Direct (2/19/2020),4/1/2018,30009,JTDKARFP,3/31/2019,J,Toyota,Prius Prime,2018
1,DMV Direct (2/19/2020),4/1/2018,30039,1G1FX6S0,3/31/2019,H,Chevrolet,Bolt EV,2017
1,DMV Direct (2/19/2020),4/1/2018,30063,5YJSA1CG,3/31/2019,D,Tesla,Model S,2013
1,DMV Direct (2/19/2020),4/1/2018,30029,5UXKT0C3,3/31/2019,H,BMW,X5,2017
1,DMV Direct (2/19/2020),4/1/2018,30063,JN1AZ0CP,3/31/2019,C,Nissan,Leaf,2012
1,DMV Direct (2/19/2020),4/1/2018,30081,5YJXCBE2,3/31/2019,H,Tesla,Model X,2017
1,DMV Direct (2/19/2020),4/1/2018,30031,1N4AZ0CP,3/31/2019,D,Nissan,Leaf,2013
1,DMV Direct (2/19/2020),4/1/2018,30093,1G1RA6E4,3/31/2019,C,Chevrolet,Volt,2012
1,DMV Direct (2/19/2020),4/1/2018,30031,WAUTPBFF,3/31/2019,H,Audi,A3 Plug In,2017
1,DMV Direct (2/19/2020),4/1/2018,30029,5YJXCAE4,3/31/2019,G,Tesla,Model X,2016
1,DMV Direct (2/19/2020),4/1/2018,30039,5YJSA1DP,3/31/2019,D,Tesla,Model S,2013
1,DMV Direct (2/19/2020),4/1/2018,30039,5YJSA1H1,3/31/2019,E,Tesla,Model S,2014
1,DMV Direct (2/19/2020),4/1/2018,30031,JTDKN3DP,3/31/2019,D,Toyota,Prius Plug-in,2013
1,DMV Direct (2/19/2020),4/1/2018,30029,5YJ3E1EA,3/31/2019,J,Tesla,Model 3,2018
1,DMV Direct (2/19/2020),4/1/2018,30029,5YJSA1E2,3/31/2019,H,Tesla,Model S,2017
1,DMV Direct (2/19/2020),4/1/2018,30029,5YJSA1H1,3/31/2019,E,Tesla,Model S,2014
1,DMV Direct (2/19/2020),4/1/2018,30049,1G1RB6E4,3/31/2019,E,Chevrolet,Volt,2014
1,DMV Direct (2/19/2020),3/1/2018,30111,JN1AZ0CP,2/28/2019,C,Nissan,Leaf,2012
1,DMV Direct (2/19/2020),3/1/2018,30063,JN1AZ0CP,2/28/2019,C,Nissan,Leaf,2012
1,DMV Direct (2/19/2020),3/1/2018,30049,WP0CA2A1,2/28/2019,F,Porsche,918 Spyder,2015
1,DMV Direct (2/19/2020),3/1/2018,30029,WP0AD2A7,2/28/2019,F,Porsche,Panamera S E-Hybrid,2015
1,DMV Direct (2/19/2020),3/1/2018,30029,WP0CA2A1,2/28/2019,F,Porsche,918 Spyder,2015
1,DMV Direct (2/19/2020),3/1/2018,30023,WP0CA2A1,2/28/2019,F,Porsche,918 Spyder,2015
1,DMV Direct (2/19/2020),3/1/2018,30029,WBY2Z2C5,2/28/2019,E,BMW,i8,2014
1,DMV Direct (2/19/2020),3/1/2018,30021,3FA6P0SU,2/28/2019,H,Ford,Fusion Energi,2017
1,DMV Direct (2/19/2020),3/1/2018,30029,1FADP5CU,2/28/2019,E,Ford,C-Max Energi,2014
1,DMV Direct (2/19/2020),3/1/2018,30063,1FADP5CU,2/28/2019,E,Ford,C-Max Energi,2014
1,DMV Direct (2/19/2020),3/1/2018,30039,WP0CA2A1,2/28/2019,F,Porsche,918 Spyder,2015
1,DMV Direct (2/19/2020),3/1/2018,30029,5YJ3E1EA,2/28/2019,J,Tesla,Model 3,2018
1,DMV Direct (2/19/2020),3/1/2018,30063,JTDKARFP,2/28/2019,H,Toyota,Prius Prime,2017
1,DMV Direct (2/19/2020),3/1/2018,30049,JN1AZ0CP,2/28/2019,B,Nissan,Leaf,2011
1,DMV Direct (2/19/2020),3/1/2018,30071,5YJ3E1EA,2/28/2019,J,Tesla,Model 3,2018
1,DMV Direct (2/19/2020),3/1/2018,30049,JTDKARFP,2/28/2019,H,Toyota,Prius Prime,2017
1,DMV Direct (2/19/2020),3/1/2018,30029,WP0CA2A1,2/28/2019,F,Porsche,918 Spyder,2015
1,DMV Direct (2/19/2020),3/1/2018,30111,5YJ3E1EA,2/28/2019,H,Tesla,Model 3,2017
1,DMV Direct (2/19/2020),3/1/2018,30029,5YJ3E1EA,2/28/2019,H,Tesla,Model 3,2017
1,DMV Direct (2/19/2020),3/1/2018,30063,5YJSA1E4,2/28/2019,F,Tesla,Model S,2015
1,DMV Direct (2/19/2020),3/1/2018,30063,5YJSA1CN,2/28/2019,C,Tesla,Model S,2012
1,DMV Direct (2/19/2020),3/1/2018,30101,5YJSA1H1,2/28/2019,E,Tesla,Model S,2014
1,DMV Direct (2/19/2020),3/1/2018,30063,1G1RD6E4,2/28/2019,C,Chevrolet,Volt,2012
1,DMV Direct (2/19/2020),3/1/2018,30049,1G1RD6E4,2/28/2019,C,Chevrolet,Volt,2012
1,DMV Direct (2/19/2020),3/1/2018,30029,5YJSA1E4,2/28/2019,H,Tesla,Model S,2017
1,DMV Direct (2/19/2020),3/1/2018,30029,5YJSA1H1,2/28/2019,E,Tesla,Model S,2014
1,DMV Direct (2/19/2020),3/1/2018,30023,5YJSA1H2,2/28/2019,F,Tesla,Model S,2015
1,DMV Direct (2/19/2020),3/1/2018,30029,5YJSA1H2,2/28/2019,F,Tesla,Model S,2015
1,DMV Direct (2/19/2020),3/1/2018,30031,5YJXCBE2,2/28/2019,H,Tesla,Model X,2017
1,DMV Direct (2/19/2020),3/1/2018,30063,5YJSA1E2,2/28/2019,H,Tesla,Model S,2017
1,DMV Direct (2/19/2020),3/1/2018,30031,1G1RA6S5,2/28/2019,H,Chevrolet,Volt,2017
1,DMV Direct (2/19/2020),3/1/2018,30063,5YJXCDE2,2/28/2019,H,Tesla,Model X,2017
1,DMV Direct (2/19/2020),3/1/2018,30029,5YJXCAE4,2/28/2019,G,Tesla,Model X,2016
1,DMV Direct (2/19/2020),3/1/2018,30111,5YJ3E1EA,2/28/2019,J,Tesla,Model 3,2018
1,DMV Direct (2/19/2020),3/1/2018,30087,1G1RH6E4,2/28/2019,C,Chevrolet,Volt,2012
1,DMV Direct (2/19/2020),3/1/2018,30087,1G1RH6E4,2/28/2019,C,Chevrolet,Volt,2012
1,DMV Direct (2/19/2020),3/1/2018,30029,5YJSA1E2,2/28/2019,G,Tesla,Model S,2016
1,DMV Direct (2/19/2020),3/1/2018,30029,5YJ3E1EA,2/28/2019,J,Tesla,Model 3,2018
1,DMV Direct (2/19/2020),3/1/2018,30053,1G1RB6E4,2/28/2019,C,Chevrolet,Volt,2012
1,DMV Direct (2/19/2020),3/1/2018,30087,2C4RC1N7,2/28/2019,J,Chrysler,Pacifica,2018
1,DMV Direct (2/19/2020),2/1/2018,30099,YV4BC0PL,1/31/2019,H,Volvo,XC90 Plug In,2017
1,DMV Direct (2/19/2020),2/1/2018,30049,1N4AZ0CP,1/31/2019,D,Nissan,Leaf,2013
1,DMV Direct (2/19/2020),2/1/2018,30039,WP0CA2A1,1/31/2019,F,Porsche,918 Spyder,2015
1,DMV Direct (2/19/2020),2/1/2018,30039,WP0CA2A1,1/31/2019,F,Porsche,918 Spyder,2015
1,DMV Direct (2/19/2020),2/1/2018,30063,1G1RB6E4,1/31/2019,D,Chevrolet,Volt,2013
1,DMV Direct (2/19/2020),2/1/2018,30063,1FADP5FU,1/31/2019,H,Ford,C-Max Energi,2017
1,DMV Direct (2/19/2020),2/1/2018,30031,KNDCC3LD,1/31/2019,J,Kia,Niro Plug In,2018
1,DMV Direct (2/19/2020),2/1/2018,30063,1G1RB6E4,1/31/2019,D,Chevrolet,Volt,2013
1,DMV Direct (2/19/2020),2/1/2018,30029,5YJSA1E2,1/31/2019,G,Tesla,Model S,2016
1,DMV Direct (2/19/2020),2/1/2018,30047,5YJSA1V1,1/31/2019,F,Tesla,Model S,2015
1,DMV Direct (2/19/2020),2/1/2018,30049,KNDCM3LD,1/31/2019,J,Kia,Niro Plug In,2018
1,DMV Direct (2/19/2020),2/1/2018,30111,1G1RB6E4,1/31/2019,D,Chevrolet,Volt,2013
1,DMV Direct (2/19/2020),2/1/2018,30023,5YJSA1E2,1/31/2019,G,Tesla,Model S,2016
1,DMV Direct (2/19/2020),2/1/2018,30049,5YJSA1E2,1/31/2019,G,Tesla,Model S,2016
1,DMV Direct (2/19/2020),2/1/2018,30111,5YJSA1E2,1/31/2019,G,Tesla,Model S,2016
1,DMV Direct (2/19/2020),2/1/2018,30031,1FADP5CU,1/31/2019,D,Ford,C-Max Energi,2013
1,DMV Direct (2/19/2020),2/1/2018,30031,5YJSA1E4,1/31/2019,H,Tesla,Model S,2017
1,DMV Direct (2/19/2020),2/1/2018,30029,5YJSA1E4,1/31/2019,H,Tesla,Model S,2017
1,DMV Direct (2/19/2020),2/1/2018,30031,WBY2Z2C5,1/31/2019,F,BMW,i8,2015
1,DMV Direct (2/19/2020),2/1/2018,30031,1G1RA6S5,1/31/2019,J,Chevrolet,Volt,2018
1,DMV Direct (2/19/2020),2/1/2018,30047,5YJSA1E4,1/31/2020,G,Tesla,Model S,2016
1,DMV Direct (2/19/2020),2/1/2018,30023,5YJSA1E4,1/31/2019,G,Tesla,Model S,2016
1,DMV Direct (2/19/2020),2/1/2018,30081,5YJSA1E2,1/31/2019,F,Tesla,Model S,2015
1,DMV Direct (2/19/2020),2/1/2018,30029,WMEEJ9AA,1/31/2019,G,Smart,forTwo EV,2016
1,DMV Direct (2/19/2020),2/1/2018,30111,5YJSA1E4,1/31/2019,H,Tesla,Model S,2017
1,DMV Direct (2/19/2020),2/1/2018,30029,5YJSA1H2,1/31/2019,E,Tesla,Model S,2014
1,DMV Direct (2/19/2020),2/1/2018,30039,WBA7J2C5,1/31/2019,J,BMW,7-Series Plug in,2018
1,DMV Direct (2/19/2020),2/1/2018,30063,5YJSA1E2,1/31/2019,H,Tesla,Model S,2017
1,DMV Direct (2/19/2020),2/1/2018,30063,5YJSA1H2,1/31/2019,E,Tesla,Model S,2014
1,DMV Direct (2/19/2020),2/1/2018,30029,1G1RB6E4,1/31/2019,C,Chevrolet,Volt,2012
1,DMV Direct (2/19/2020),2/1/2018,30029,5YJSA1E4,1/31/2019,F,Tesla,Model S,2015
1,DMV Direct (2/19/2020),2/1/2018,30029,1G1RA6S5,1/31/2019,H,Chevrolet,Volt,2017
1,DMV Direct (2/19/2020),2/1/2018,30029,5YJSA1E2,1/31/2019,H,Tesla,Model S,2017
1,DMV Direct (2/19/2020),2/1/2018,30029,5YJSA1H1,1/31/2019,E,Tesla,Model S,2014
1,DMV Direct (2/19/2020),2/1/2018,30039,5YJXCBE2,1/31/2019,H,Tesla,Model X,2017
1,DMV Direct (2/19/2020),2/1/2018,30067,1G1RB6E4,1/31/2019,E,Chevrolet,Volt,2014
1,DMV Direct (2/19/2020),2/1/2018,30029,5YJ3E1EA,1/31/2019,H,Tesla,Model 3,2017
1,DMV Direct (2/19/2020),2/1/2018,30029,1G1RD6E4,1/31/2019,E,Chevrolet,Volt,2014
1,DMV Direct (2/19/2020),2/1/2018,30111,2C4RC1N7,1/31/2019,J,Chrysler,Pacifica,2018
1,DMV Direct (2/19/2020),2/1/2018,30029,1G1FW6S0,1/31/2019,H,Chevrolet,Bolt EV,2017
1,DMV Direct (2/19/2020),2/1/2018,30029,2C4RC1N7,1/31/2019,J,Chrysler,Pacifica,2018
1,DMV Direct (2/19/2020),2/1/2018,30063,2C4RC1N7,1/31/2019,J,Chrysler,Pacifica,2018
1,DMV Direct (2/19/2020),2/1/2018,30031,1G1RD6E4,1/31/2019,C,Chevrolet,Volt,2012
1,DMV Direct (2/19/2020),2/1/2018,30029,WP1AE2A2,1/31/2019,F,Porsche,Cayenne S E-Hybrid,2015
1,DMV Direct (2/19/2020),2/1/2018,30031,1G1RB6E4,1/31/2019,E,Chevrolet,Volt,2014
1,DMV Direct (2/19/2020),2/1/2018,30029,5YJXCBE2,1/31/2019,G,Tesla,Model X,2016
1,DMV Direct (2/19/2020),2/1/2018,30063,1G1RB6S5,1/31/2019,H,Chevrolet,Volt,2017
1,DMV Direct (2/19/2020),2/1/2018,30091,5YJXCBE2,1/31/2019,H,Tesla,Model X,2017
1,DMV Direct (2/19/2020),2/1/2018,30029,5YJXCDE2,1/31/2019,H,Tesla,Model X,2017
1,DMV Direct (2/19/2020),2/1/2018,30063,5YJXCBE2,1/31/2019,H,Tesla,Model X,2017
1,DMV Direct (2/19/2020),1/1/2018,30029,SBM12ABA,12/31/2018,F,Mclaren,P1,2015
1,DMV Direct (2/19/2020),1/1/2018,30081,5YJXCBE2,12/31/2018,G,Tesla,Model X,2016
1,DMV Direct (2/19/2020),1/1/2018,30063,WDDVP9AB,12/31/2018,H,Mercedes,B-Class Electric,2017
1,DMV Direct (2/19/2020),1/1/2018,30029,50GK41SA,12/31/2018,J,Karma,Revero,2018
1,DMV Direct (2/19/2020),1/1/2018,30099,5YJSA1H2,12/31/2018,E,Tesla,Model S,2014
1,DMV Direct (2/19/2020),1/1/2018,30039,WP0AD2A7,12/31/2018,G,Porsche,Panamera S E-Hybrid,2016
1,DMV Direct (2/19/2020),1/1/2018,30031,5YJSA1E2,12/31/2018,G,Tesla,Model S,2016
1,DMV Direct (2/19/2020),1/1/2018,30023,5YJSA1E1,12/31/2018,F,Tesla,Model S,2015
1,DMV Direct (2/19/2020),1/1/2018,30041,1G1RB6E4,12/31/2018,C,Chevrolet,Volt,2012
1,DMV Direct (2/19/2020),1/1/2018,30111,KNAGT4LC,12/31/2018,H,Kia,Optima Plug In,2017
1,DMV Direct (2/19/2020),1/1/2018,30017,1FADP5FU,12/31/2018,H,Ford,C-Max Energi,2017
1,DMV Direct (2/19/2020),1/1/2018,30023,1FADP5CU,12/31/2018,F,Ford,C-Max Energi,2015
1,DMV Direct (2/19/2020),1/1/2018,30039,YV4BC0ZX,12/31/2018,H,Volvo,XC90 Plug In,2017
1,DMV Direct (2/19/2020),1/1/2018,30023,WP0CA2A1,12/31/2018,F,Porsche,918 Spyder,2015
1,DMV Direct (2/19/2020),1/1/2018,30029,5YJSA1E4,12/31/2018,H,Tesla,Model S,2017
1,DMV Direct (2/19/2020),1/1/2018,30029,WP0CA2A1,12/31/2018,F,Porsche,918 Spyder,2015
1,DMV Direct (2/19/2020),1/1/2018,30063,3C3CFFGE,12/31/2018,F,Fiat,500e,2015
1,DMV Direct (2/19/2020),1/1/2018,30049,1FADP5CU,12/31/2018,E,Ford,C-Max Energi,2014
1,DMV Direct (2/19/2020),1/1/2018,30031,5YJXCAE2,12/31/2018,G,Tesla,Model X,2016
1,DMV Direct (2/19/2020),12/1/2017,30105,5YJSA1H2,11/30/2018,E,Tesla,Model S,2014
1,DMV Direct (2/19/2020),12/1/2017,30029,1G1RD6E4,11/30/2018,B,Chevrolet,Volt,2011
1,DMV Direct (2/19/2020),12/1/2017,30049,1G1FX6S0,11/30/2018,H,Chevrolet,Bolt EV,2017
1,DMV Direct (2/19/2020),12/1/2017,30029,WBA7J2C5,11/30/2018,J,BMW,7-Series Plug in,2018
1,DMV Direct (2/19/2020),12/1/2017,30111,5YJXCAE2,11/30/2018,H,Tesla,Model X,2017
1,DMV Direct (2/19/2020),12/1/2017,30049,1G1FX6S0,11/30/2018,H,Chevrolet,Bolt EV,2017
1,DMV Direct (2/19/2020),12/1/2017,30029,1FADP5EU,11/30/2018,H,Ford,C-Max Energi,2017
1,DMV Direct (2/19/2020),12/1/2017,30043,1G1FX6S0,11/30/2018,H,Chevrolet,Bolt EV,2017
1,DMV Direct (2/19/2020),12/1/2017,30063,YV4BC0PL,11/30/2018,G,Volvo,XC90 Plug In,2016
1,DMV Direct (2/19/2020),12/1/2017,30031,3FA6P0SU,11/30/2018,H,Ford,Fusion Energi,2017
1,DMV Direct (2/19/2020),12/1/2017,30093,1G1RD6E4,11/30/2018,C,Chevrolet,Volt,2012
1,DMV Direct (2/19/2020),12/1/2017,30063,5YJXCBE4,11/30/2018,G,Tesla,Model X,2016
1,DMV Direct (2/19/2020),12/1/2017,30029,5YJSA1H1,11/30/2018,E,Tesla,Model S,2014
1,DMV Direct (2/19/2020),12/1/2017,30057,1G1FW6S0,11/30/2018,H,Chevrolet,Bolt EV,2017
1,DMV Direct (2/19/2020),12/1/2017,30049,1G1FX6S0,11/30/2018,H,Chevrolet,Bolt EV,2017
1,DMV Direct (2/19/2020),11/1/2017,30029,WBY2Z2C5,10/31/2018,F,BMW,i8,2015
1,DMV Direct (2/19/2020),11/1/2017,30053,JTDKN3DP,10/31/2018,C,Toyota,Prius Plug-in,2012
1,DMV Direct (2/19/2020),11/1/2017,30049,1G1RD6E4,10/31/2018,D,Chevrolet,Volt,2013
1,DMV Direct (2/19/2020),11/1/2017,30029,5YJSA1E2,10/31/2018,G,Tesla,Model S,2016
1,DMV Direct (2/19/2020),11/1/2017,30029,WP1AE2A2,10/31/2018,G,Porsche,Cayenne S E-Hybrid,2016
1,DMV Direct (2/19/2020),11/1/2017,30029,5YJXCBE2,10/31/2018,G,Tesla,Model X,2016
1,DMV Direct (2/19/2020),11/1/2017,30031,5ASAK274,10/31/2018,6,GEM,NEV,2006
1,DMV Direct (2/19/2020),11/1/2017,30067,2C4RC1N7,12/31/2018,H,Chrysler,Pacifica,2017
1,DMV Direct (2/19/2020),11/1/2017,30029,WP0CA2A1,10/31/2018,F,Porsche,918 Spyder,2015
1,DMV Direct (2/19/2020),11/1/2017,30031,1G1RA6S5,10/31/2018,H,Chevrolet,Volt,2017
1,DMV Direct (2/19/2020),11/1/2017,30039,5YJSA1E2,10/31/2018,H,Tesla,Model S,2017
1,DMV Direct (2/19/2020),11/1/2017,30031,JTDKN3DP,3/31/2019,F,Toyota,Prius Plug-in,2015
1,DMV Direct (2/19/2020),10/1/2017,30047,WBY2Z2C5,9/30/2019,F,BMW,i8,2015
1,DMV Direct (2/19/2020),10/1/2017,30063,1G1RB6E4,9/30/2018,F,Chevrolet,Volt,2015
1,DMV Direct (2/19/2020),10/1/2017,30081,1N4AZ0CP,9/30/2018,F,Nissan,Leaf,2015
1,DMV Direct (2/19/2020),10/1/2017,30111,5YJSA1E1,9/30/2018,G,Tesla,Model S,2016
1,DMV Direct (2/19/2020),10/1/2017,30111,1FAHP3R4,9/30/2018,C,Ford,Focus EV,2012
1,DMV Direct (2/19/2020),10/1/2017,30039,YH4K16AA,9/30/2018,C,Fisker,Karma,2012
1,DMV Direct (2/19/2020),10/1/2017,30049,1G1RB6S5,9/30/2019,H,Chevrolet,Volt,2017
1,DMV Direct (2/19/2020),10/1/2017,30039,WP1AE2A2,9/30/2018,H,Porsche,Cayenne S E-Hybrid,2017
1,DMV Direct (2/19/2020),10/1/2017,30023,5YJSA1CN,9/30/2018,D,Tesla,Model S,2013
1,DMV Direct (2/19/2020),10/1/2017,30003,5YJSA1H4,9/30/2018,F,Tesla,Model S,2015
1,DMV Direct (2/19/2020),9/1/2017,30031,1N4AZ0CP,8/31/2018,F,Nissan,Leaf,2015
1,DMV Direct (2/19/2020),9/1/2017,30029,5YJXCDE2,8/31/2018,H,Tesla,Model X,2017
1,DMV Direct (2/19/2020),9/1/2017,30031,1G1RA6E4,8/31/2018,C,Chevrolet,Volt,2012
1,DMV Direct (2/19/2020),9/1/2017,30023,WP0CA2A1,8/31/2018,F,Porsche,918 Spyder,2015
1,DMV Direct (2/19/2020),9/1/2017,30023,YH4K14AA,8/31/2018,C,Fisker,Karma,2012
1,DMV Direct (2/19/2020),8/1/2017,30029,WP0CA2A1,7/31/2018,F,Porsche,918 Spyder,2015
1,DMV Direct (2/19/2020),8/1/2017,30029,52CG2DGA,7/31/2018,C,GEM,NEV,2012
1,DMV Direct (2/19/2020),8/1/2017,30029,WP0CA2A1,7/31/2018,F,Porsche,918 Spyder,2015
1,DMV Direct (2/19/2020),8/1/2017,30029,1FABP205,12/31/9999,2,Ford,Think Neighbor,2002
1,DMV Direct (2/19/2020),8/1/2017,30029,WP0AD2A7,7/31/2018,F,Porsche,Panamera S E-Hybrid,2015
1,DMV Direct (2/19/2020),8/1/2017,30047,1G1RB6E4,7/31/2018,D,Chevrolet,Volt,2013
1,DMV Direct (2/19/2020),8/1/2017,30063,SBM12ABA,7/31/2018,F,Mclaren,P1,2015
1,DMV Direct (2/19/2020),7/1/2017,30057,5YJXCBE4,6/30/2018,G,Tesla,Model X,2016
1,DMV Direct (2/19/2020),7/1/2017,30049,1G1RD6E4,6/30/2018,D,Chevrolet,Volt,2013
1,DMV Direct (2/19/2020),7/1/2017,30023,WBY1Z4C5,6/30/2018,E,BMW,i3 REx,2014
1,DMV Direct (2/19/2020),7/1/2017,30063,5YJXCBE4,6/30/2018,G,Tesla,Model X,2016
1,DMV Direct (2/19/2020),7/1/2017,30029,5YJXCAE4,6/30/2018,G,Tesla,Model X,2016
1,DMV Direct (2/19/2020),7/1/2017,30111,5YJSA1H2,6/30/2018,E,Tesla,Model S,2014
1,DMV Direct (2/19/2020),7/1/2017,30029,5YJXCBE4,6/30/2018,G,Tesla,Model X,2016
1,DMV Direct (2/19/2020),7/1/2017,30009,5YJSA1E4,6/30/2018,G,Tesla,Model S,2016
1,DMV Direct (2/19/2020),7/1/2017,30031,5UXKT0C5,6/30/2018,G,BMW,X5,2016
1,DMV Direct (2/19/2020),7/1/2017,30029,5ASGVHA4,6/30/2018,A,GEM,NEV,2010
1,DMV Direct (2/19/2020),7/1/2017,30043,1G1RD6E4,6/30/2019,D,Chevrolet,Volt,2013
1,DMV Direct (2/19/2020),6/1/2017,30099,5ASAG274,12/31/9999,1,GEM,NEV,2001
1,DMV Direct (2/19/2020),6/1/2017,30023,5YJSA1H1,5/31/2018,E,Tesla,Model S,2014
1,DMV Direct (2/19/2020),6/1/2017,30029,5YJSA1H2,5/31/2018,E,Tesla,Model S,2014
1,DMV Direct (2/19/2020),5/1/2017,30023,SBM12ABA,4/30/2018,F,Mclaren,P1,2015
1,DMV Direct (2/19/2020),5/1/2017,30063,WDDVP9AB,4/30/2018,E,Mercedes,B-Class Electric,2014
1,DMV Direct (2/19/2020),5/1/2017,30029,WP0CA2A1,4/30/2018,F,Porsche,918 Spyder,2015
1,DMV Direct (2/19/2020),5/1/2017,30049,5YJSA1DP,4/30/2018,D,Tesla,Model S,2013
1,DMV Direct (2/19/2020),5/1/2017,30039,5YJSA1E4,4/30/2018,H,Tesla,Model S,2017
1,DMV Direct (2/19/2020),5/1/2017,30029,WP0AD2A7,4/30/2018,E,Porsche,Panamera S E-Hybrid,2014
1,DMV Direct (2/19/2020),4/1/2017,30031,5YJSA1CP,3/31/2018,D,Tesla,Model S,2013
1,DMV Direct (2/19/2020),4/1/2017,30067,1G1RD6E4,3/31/2018,D,Chevrolet,Volt,2013
1,DMV Direct (2/19/2020),3/1/2017,30029,5YJSA1E1,2/28/2018,G,Tesla,Model S,2016
1,DMV Direct (2/19/2020),3/1/2017,30023,5YJSA1DP,2/28/2018,C,Tesla,Model S,2012
1,DMV Direct (2/19/2020),2/1/2017,30057,5YJXCDE2,1/31/2018,H,Tesla,Model X,2017
1,DMV Direct (2/19/2020),2/1/2017,30111,5YJXCDE2,1/31/2018,G,Tesla,Model X,2016
1,DMV Direct (2/19/2020),2/1/2017,30029,5YJSA1H2,1/31/2018,F,Tesla,Model S,2015
1,DMV Direct (2/19/2020),2/1/2017,30111,WBY1Z2C5,1/31/2018,E,BMW,i3,2014
1,DMV Direct (2/19/2020),1/1/2017,30063,WDDVP9AB,12/31/2017,E,Mercedes,B-Class Electric,2014
1,DMV Direct (2/19/2020),1/1/2017,30029,5YJSA1E2,12/31/2017,F,Tesla,Model S,2015
1,DMV Direct (2/19/2020),1/1/2017,30009,1FADP5CU,12/31/2017,D,Ford,C-Max Energi,2013
1,DMV Direct (2/19/2020),1/1/2017,30029,5YJSA1E2,12/31/2017,G,Tesla,Model S,2016
1,DMV Direct (2/19/2020),1/1/2017,30039,SBM12ABA,12/31/2017,F,Mclaren,P1,2015
1,DMV Direct (2/19/2020),11/1/2016,30081,1FADP5CU,10/31/2017,F,Ford,C-Max Energi,2015
1,DMV Direct (2/19/2020),10/1/2016,30031,5ASAJ274,12/31/9999,Y,GEM,NEV,2000
1,DMV Direct (2/19/2020),10/1/2016,30029,5YJXCBE2,9/30/2017,G,Tesla,Model X,2016
1,DMV Direct (2/19/2020),8/1/2016,30009,1FABP225,12/31/9999,2,Ford,Think Neighbor,2002
1,DMV Direct (2/19/2020),8/1/2016,30063,52CG2DGA,12/31/9999,G,GEM,NEV,2016
1,DMV Direct (2/19/2020),8/1/2016,30013,52CG2AGA,12/31/9999,G,GEM,NEV,2016
1,DMV Direct (2/19/2020),4/1/2016,30101,5ASAK274,12/31/9999,Y,GEM,NEV,2000
1,DMV Direct (2/19/2020),2/1/2016,30029,52CG2DGA,12/31/9999,G,GEM,NEV,2016
1,DMV Direct (2/19/2020),2/1/2016,30029,52CG2DGA,12/31/9999,G,GEM,NEV,2016
1,DMV Direct (2/19/2020),2/1/2016,30029,52CG2DGA,12/31/9999,G,GEM,NEV,2016
1,DMV Direct (2/19/2020),2/1/2016,30029,52CG2DGA,12/31/9999,G,GEM,NEV,2016
1,DMV Direct (2/19/2020),7/1/2015,30049,52CG6AGA,12/31/9999,F,GEM,NEV,2015
1,DMV Direct (2/19/2020),6/1/2015,30091,1FABP205,12/31/9999,2,Ford,Think Neighbor,2002
1,DMV Direct (2/19/2020),3/1/2015,30049,5ASAG474,12/31/9999,Y,GEM,NEV,2000
1,DMV Direct (2/19/2020),3/1/2015,30081,52CG2DGA,12/31/9999,D,GEM,NEV,2013
1,DMV Direct (2/19/2020),1/1/2015,30029,5ASGVHA4,12/31/9999,B,GEM,NEV,2011
1,DMV Direct (2/19/2020),11/1/2014,30005,5ASAG274,12/31/9999,Y,GEM,NEV,2000
1,DMV Direct (2/19/2020),10/1/2014,30049,5ASAG474,12/31/9999,1,GEM,NEV,2001
1,DMV Direct (2/19/2020),7/1/2014,30067,5ASAG474,12/31/9999,1,GEM,NEV,2001
1,DMV Direct (2/19/2020),6/1/2014,30009,5ASAG474,12/31/9999,5,GEM,NEV,2005
1,DMV Direct (2/19/2020),9/1/2013,30105,5ASAG274,12/31/9999,2,GEM,NEV,2002
1,DMV Direct (2/19/2020),6/1/2013,30047,5ASAJ274,12/31/9999,Y,GEM,NEV,2000
1,DMV Direct (2/19/2020),4/1/2013,30083,5ASAG274,12/31/9999,2,GEM,NEV,2002
1,DMV Direct (2/19/2020),11/1/2012,30071,5ASAG274,12/31/9999,1,GEM,NEV,2001
1,DMV Direct (2/19/2020),9/1/2012,30001,5ASAG274,12/31/9999,Y,GEM,NEV,2000
1,DMV Direct (2/19/2020),9/1/2012,30111,1FABP225,12/31/9999,2,Ford,Think Neighbor,2002
1,DMV Direct (2/19/2020),3/1/2012,30081,1FTZR107,12/31/9999,W,Ford,Ranger,1998
1,DMV Direct (2/19/2020),2/1/2012,30013,5ASGPGA4,12/31/9999,B,GEM,NEV,2011
1,DMV Direct (2/19/2020),6/1/2011,30063,5ASAG474,12/31/9999,3,GEM,NEV,2003
1,DMV Direct (2/19/2020),4/1/2011,30063,1FABP205,12/31/9999,2,Ford,Think Neighbor,2002
1,DMV Direct (2/19/2020),6/1/2010,30063,5ASAG274,12/31/9999,2,GEM,NEV,2002
1,DMV Direct (2/19/2020),4/1/2010,30049,5ASAG274,12/31/9999,Y,GEM,NEV,2000
1,DMV Direct (2/19/2020),4/1/2010,30049,5ASAG274,12/31/9999,Y,GEM,NEV,2000
1,DMV Direct (2/19/2020),9/1/2009,30067,5ASAK274,12/31/9999,2,GEM,NEV,2002
1,DMV Direct (2/19/2020),8/1/2009,30067,5ASAK274,12/31/9999,2,GEM,NEV,2002
1,DMV Direct (2/19/2020),8/1/2009,30067,5ASAK274,12/31/9999,2,GEM,NEV,2002
1,DMV Direct (2/19/2020),6/1/2009,30067,5ASAG474,12/31/9999,2,GEM,NEV,2002
1,DMV Direct (2/19/2020),10/1/2008,30001,LAEMA246,12/31/9999,8,ZAP,EV,2008
1,DMV Direct (2/19/2020),7/1/2008,30049,LECPT22B,12/31/9999,8,Miles,ZX40ST,2008
1,DMV Direct (2/19/2020),12/1/2005,30063,5ASAJ274,12/31/9999,5,GEM,NEV,2005
1,DMV Direct (2/19/2020),8/1/2004,30067,5ASAK274,12/31/9999,Y,GEM,NEV,2000
1,DMV Direct (2/19/2020),8/1/2004,30067,5ASAK274,12/31/9999,Y,GEM,NEV,2000
1,DMV Direct (2/19/2020),3/1/2004,30025,5ASAJ274,12/31/9999,Y,GEM,NEV,2000
